N°_dépôt;N°_caisse;Localité;Année;N°_cantonal;Lieu-dit;N°_terrain;Récolement_LM_2021;Matière;Caractéristique;Description_de_l'objet;Ramassage_surface;Déblais;N°_couche;Situation;Altitude;Loc_Nord;Loc_Sud;N°_structure;N°_décapage;UF;Date_découverte;Période_culturelle;Datation;Année_de_restauration;Etat_de_conservation;N°_Photos_DE;Fiche_ITMS_oui;Fiche_ITMS_non;Publication;Dessin_(+_échelle);Inventorier_le,_par_Nom_/_date;Envoi_MR;Remarque_restauration;Retour_MR;Remarque
Spira;33;CHE;2012;7821;BR;1397;x;lit;sil;1 éclat;;;4;;;;;;;A3;31.05;;;;;;;;;;lm 2014;;;;
Spira;33;CHE;2012;7822;BR;1398;x;lit;sil;1 éclat;;;3;sommet;;;;;;A3;31.05;;;;;;;;;;lm 2014;;;;
Spira;33;CHE;2012;7823;BR;1400;x;lit;sil;1 éclat (grand);;;4;;;;;;;A3;31.05;;;;;;;;;;lm 2014;;;;
Spira;33;CHE;2012;7824;BR;1404;x;lit;sil;1 éclat (grand);;;4;;;;;;;A3;31.05;;;;;;;;;;lm 2014;;;;
Spira;33;CHE;2012;7825;BR;1405;x;lit;sil;1 éclat;;;4;;;;;;;A3;31.05;;;;;;;;;;lm 2014;;;;
Spira;33;CHE;2012;7826;BR;741;x;lit;sil;éclat cortical;;;3;base;;;;;;A4;24.05;;;;;;;;;;lm 2014;;;;
Spira;33;CHE;2012;7827;BR;416;x;lit;sil;nucléus;;;3;base;;;;;;A5;15.05;;;;;;;;;;lm 2014;;;;
Spira;33;CHE;2012;7828;BR;741;x;lit;sil;éclat;;;3;base;;;;;;A4;24.05;;;;;;;;;;lm 2014;;;;
Spira;33;CHE;2012;7829;BR;741;x;lit;sil;éclat;;;3;base;;;;;;A4;24.05;;;;;;;;;;lm 2014;;;;
Spira;33;CHE;2012;7830;BR;416;x;lit;sil;éclat;;;3;base;;;;;;A5;15.05;;;;;;;;;;lm 2014;;;;
Spira;33;CHE;2012;7831;BR;416;x;lit;sil;éclat;;;3;base;;;;;;A5;15.05;;;;;;;;;;lm 2014;;;;
Spira;33;CHE;2012;7832;BR;416;x;lit;sil;éclat lamelle;;;3;base;;;;;;A5;15.05;;;;;;;;;;lm 2014;;;;
Spira;33;CHE;2012;7833;BR;416;x;lit;sil;éclat lamelle retouchée;;;3;base;;;;;;A5;15.05;;;;;;;;;;lm 2014;;;;
Spira;33;CHE;2012;7834;BR;416;x;lit;sil;lamelle retouchée;;;3;base;;;;;;A5;15.05;;;;;;;;;;lm 2014;;;;
Spira;33;CHE;2012;7835;BR;416;x;lit;sil;nucléus ?;;;3;base;;;;;;A5;15.05;;;;;;;;;;lm 2014;;;;
Spira;33;CHE;2012;7836;BR;432;x;lit;sil;éclat;;;3;base;;;;;;A6;15.05;;;;;;;;;;lm 2014;;;;
Spira;33;CHE;2012;7837;BR;432;x;lit;sil;éclat ;;;3;base;;;;;;A6;15.05;;;;;;;;;;lm 2014;;;;
Spira;33;CHE;2012;7838;BR;433;x;lit;sil;éclat;;;3;milieu;;;;;;A6;15.05;;;;;;;;;;lm 2014;;;;
Spira;33;CHE;2012;7839;BR;433;x;lit;sil;éclat;;;3;milieu;;;;;;A6;15.05;;;;;;;;;;lm 2014;;;;
Spira;33;CHE;2012;7840;BR;670;x;lit;sil;lamelle;;;3;base;;;;;;A6;23.05;;;;;;;;;;lm 2014;;;;
Spira;33;CHE;2012;7841;BR;670;x;lit;sil;éclat cortical;;;3;base;;;;;;A6;23.05;;;;;;;;;;lm 2014;;;;
Spira;33;CHE;2012;7842;BR;670;x;lit;sil;éclat cortical;;;3;base;;;;;;A6;23.05;;;;;;;;;;lm 2014;;;;
Spira;33;CHE;2012;7843;BR;670;x;lit;sil;éclat cortical;;;3;base;;;;;;A6;23.05;;;;;;;;;;lm 2014;;;;
Spira;33;CHE;2012;7844;BR;440;x;lit;sil;lame retouchée;;;3;base;;;;;;A7;15.05;;;;;;;;;;lm 2014;;;;
Spira;33;CHE;2012;7845;BR;440;x;lit;sil;éclat;;;3;base;;;;;;A7;15.05;;;;;;;;;;lm 2014;;;;
Spira;33;CHE;2012;7846;BR;440;x;lit;sil;lamelle ;;;3;base;;;;;;A7;15.05;;;;;;;;;;lm 2014;;;;
Spira;33;CHE;2012;7847;BR;440;x;lit;sil;éclat cortical;;;3;base;;;;;;A7;15.05;;;;;;;;;;lm 2014;;;;
Spira;33;CHE;2012;7848;BR;440;x;lit;sil;éclat cortical;;;3;base;;;;;;A7;15.05;;;;;;;;;;lm 2014;;;;
Spira;33;CHE;2012;7849;BR;440;x;lit;sil;éclat cortical;;;3;base;;;;;;A7;15.05;;;;;;;;;;lm 2014;;;;
Spira;33;CHE;2012;7850;BR;440;x;lit;sil;flanc nucléus;;;3;base;;;;;;A7;15.05;;;;;;;;;;lm 2014;;;;
Spira;33;CHE;2012;7851;BR;440;x;lit;sil;fragment lamelle;;;3;base;;;;;;A7;15.05;;;;;;;;;;lm 2014;;;;
Spira;33;CHE;2012;7852;BR;440;x;lit;sil;éclat;;;3;base;;;;;;A7;15.05;;;;;;;;;;lm 2014;;;;
Spira;33;CHE;2012;7853;BR;440;x;lit;sil;éclat;;;3;base;;;;;;A7;15.05;;;;;;;;;;lm 2014;;;;
Spira;33;CHE;2012;7854;BR;440;x;lit;sil;2 esquilles;;;3;base;;;;;;A7;15.05;;;;;;;;;;lm 2014;;;;
Spira;33;CHE;2012;7855;BR;455;x;lit;sil;nucléus;;;3;base;;;;;;A8;15.05;;;;;;;;;;lm 2014;;;;
Spira;33;CHE;2012;7856;BR;456;x;lit;sil;fragment lame retouchée;;;3;base;;;;;;A8;15.05;;;;;;;;;;lm 2014;;;;
Spira;33;CHE;2012;7857;BR;457;x;lit;sil;lamelle;;;3;base;;;;;;A8;15.05;;;;;;;;;;lm 2014;;;;
Spira;33;CHE;2012;7858;BR;457;x;lit;sil;lamelle;;;3;base;;;;;;A8;15.05;;;;;;;;;;lm 2014;;;;
Spira;33;CHE;2012;7859;BR;457;x;lit;sil;fragment lamelle;;;3;base;;;;;;A8;15.05;;;;;;;;;;lm 2014;;;;
Spira;33;CHE;2012;7860;BR;457;x;lit;sil;esquille;;;3;base;;;;;;A8;15.05;;;;;;;;;;lm 2014;;;;
Spira;33;CHE;2012;7861;BR;551;x;lit;sil;éclat;;;3;base;;;;;;A8;21.05;;;;;;;;;;lm 2014;;;;
Spira;33;CHE;2012;7862;BR;283;x;lit;sil;fragment lame cortical;;;3;base;;;;;;A9;16.05;;;;;;;;;;lm 2014;;;;
Spira;33;CHE;2012;7863;BR;283;x;lit;sil;fragment lamelle;;;3;base;;;;;;A9;16.05;;;;;;;;;;lm 2014;;;;
Spira;33;CHE;2012;7864;BR;283;x;lit;sil;fragmnet lamelle;;;3;base;;;;;;A9;16.05;;;;;;;;;;lm 2014;;;;
Spira;33;CHE;2012;7865;BR;283;x;lit;sil;éclat cortical;;;3;base;;;;;;A9;16.05;;;;;;;;;;lm 2014;;;;
Spira;33;CHE;2012;7866;BR;283;x;lit;sil;éclat;;;3;base;;;;;;A9;16.05;;;;;;;;;;lm 2014;;;;
Spira;33;CHE;2012;7867;BR;283;x;lit;sil;éclat;;;3;base;;;;;;A9;16.05;;;;;;;;;;lm 2014;;;;
Spira;33;CHE;2012;7868;BR;283;x;lit;sil;éclat;;;3;base;;;;;;A9;16.05;;;;;;;;;;lm 2014;;;;
Spira;33;CHE;2012;7869;BR;3721;x;lit;sil;1 petit éclat;;;2.4;;;;;;;A11;20.11;;;;;;;;;;lm 2014;;;;
Spira;33;CHE;2012;7870;BR;3749;x;lit;sil;lamelle retouchée;;;4;;;;;;;A11;04.12;;;;;;;;;;lm 2014;;;;
Spira;33;CHE;2012;7871;BR;687;x;lit;sil;éclat;;;3;;;;;;;B2;22.05;;;;;;;;;;lm 2014;;;;
Spira;33;CHE;2012;7872;BR;688;x;lit;sil;nucléus;;;3;;;;;;;B2;22.05;;;;;;;;;;lm 2014;;;;
Spira;33;CHE;2012;7873;BR;1707;x;lit;sil;fragment lamelle ?;;;3;base;;;;;;B2;1.06;;;;;;;;;;lm 2014;;;;
Spira;33;CHE;2012;7874;BR;1708;x;lit;sil;éclat cortical;;;4;;;;;;;B2;1.06;;;;;;;;;;lm 2014;;;;
Spira;33;CHE;2012;7875;BR;1709;x;lit;sil;éclat cortical;;;3;base;;;;;;B2;1.06;;;;;;;;;;lm 2014;;;;
Spira;33;CHE;2012;7876;BR;1710;x;lit;sil;pointe sur lamelle;;;3;base;;;;;;B2;1.06;;;;;;;;;;lm 2014;;;;
Spira;33;CHE;2012;7877;BR;1710;x;lit;sil;éclat  ;;;3;base;;;;;;B2;1.06;;;;;;;;;;lm 2014;;;;
Spira;33;CHE;2012;7878;BR;1711;x;lit;sil;éclat cortical;;;3;sommet;;;;;;B2;1.06;;;;;;;;;;lm 2014;;;;
Spira;33;CHE;2012;7879;BR;1712;x;lit;sil;éclat cortical;;;3;base;;;;;;B2;1.06;;;;;;;;;;lm 2014;;;;
Spira;33;CHE;2012;7880;BR;1713;x;lit;sil;flanc nucléus ?;;;4;;;;;;;B2;1.06;;;;;;;;;;lm 2014;;;;
Spira;33;CHE;2012;7881;BR;1714;x;lit;sil;nucléus;;;3;base;;;;;;B2;1.06;;;;;;;;;;lm 2014;;;;
Spira;33;CHE;2012;7882;BR;692;x;lit;sil;éclat cortical;;;3;;;;;;;B3;22.05;;;;;;;;;;;;;;
Spira;33;CHE;2012;7883;BR;692;x;lit;sil;éclat;;;3;;;;;;;B3;22.05;;;;;;;;;;;;;;
Spira;33;CHE;2012;7884;BR;471;x;lit;sil;nucléus;;;3;base;;;;;;B4;15.05;;;;;;;;;;;;;;
Spira;33;CHE;2012;7885;BR;471;x;lit;sil;nucléus;;;3;base;;;;;;B4;15.05;;;;;;;;;;;;;;
Spira;33;CHE;2012;7886;BR;471;x;lit;sil;gélifract;;;3;base;;;;;;B4;15.05;;;;;;;;;;;;;;
Spira;33;CHE;2012;7887;BR;472;x;lit;sil;fragment lame;;;3;base;;;;;;B4;15.05;;;;;;;;;;;;;;
Spira;33;CHE;2012;7888;BR;472;x;lit;sil;éclat;;;3;base;;;;;;B4;15.05;;;;;;;;;;;;;;
Spira;33;CHE;2012;7889;BR;472;x;lit;sil;éclat;;;3;base;;;;;;B4;15.05;;;;;;;;;;;;;;
Spira;33;CHE;2012;7890;BR;472;x;lit;sil;éclat;;;3;base;;;;;;B4;15.05;;;;;;;;;;;;;;
Spira;33;CHE;2012;7891;BR;472;x;lit;sil;éclat;;;3;base;;;;;;B4;15.05;;;;;;;;;;;;;;
Spira;33;CHE;2012;7892;BR;472;x;lit;sil;lamelle;;;3;base;;;;;;B4;15.05;;;;;;;;;;;;;;
Spira;33;CHE;2012;7893;BR;472;x;lit;sil;fragment lamelle;;;3;base;;;;;;B4;15.05;;;;;;;;;;;;;;
Spira;33;CHE;2012;7894;BR;472;x;lit;sil;fragment lamelle;;;3;base;;;;;;B4;15.05;;;;;;;;;;;;;;
Spira;33;CHE;2012;7895;BR;472;x;lit;sil;fragment lamelle;;;3;base;;;;;;B4;15.05;;;;;;;;;;;;;;
Spira;33;CHE;2012;7896;BR;472;x;lit;sil;fragment lamelle retouché;;;3;base;;;;;;B4;15.05;;;;;;;;;;;;;;
Spira;33;CHE;2012;7897;BR;472;x;lit;sil;lamelle corticale;;;3;base;;;;;;B4;15.05;;;;;;;;;;;;;;
Spira;33;CHE;2012;7898;BR;472;x;lit;sil;fragment lamelle corticale;;;3;base;;;;;;B4;15.05;;;;;;;;;;;;;;
Spira;33;CHE;2012;7899;BR;472;x;lit;sil;esquille;;;3;base;;;;;;B4;15.05;;;;;;;;;;;;;;
Spira;33;CHE;2012;7900;BR;682;x;lit;sil;fragment lamelle;;;3;;;;;;;A-B5;23.05;;;;;;;;;;lm 2014;;;;
Spira;33;CHE;2012;7901;BR;682;x;lit;sil;éclat;;;3;;;;;;;A-B5;23.05;;;;;;;;;;lm 2014;;;;
Spira;33;CHE;2012;7902;BR;682;x;lit;sil;éclat;;;3;;;;;;;A-B5;23.05;;;;;;;;;;lm 2014;;;;
Spira;33;CHE;2012;7903;BR;682;x;lit;sil;éclat;;;3;;;;;;;A-B5;23.05;;;;;;;;;;lm 2014;;;;
Spira;33;CHE;2012;7904;BR;682;x;lit;sil;éclat;;;3;;;;;;;A-B5;23.05;;;;;;;;;;lm 2014;;;;
Spira;33;CHE;2012;7905;BR;682;x;lit;sil;éclat cortical;;;3;;;;;;;A-B5;23.05;;;;;;;;;;lm 2014;;;;
Spira;33;CHE;2012;7906;BR;682;x;lit;sil;esquille;;;3;;;;;;;A-B5;23.05;;;;;;;;;;lm 2014;;;;
Spira;33;CHE;2012;7907;BR;683;x;lit;sil;éclat cortical;;;3;;;;;;;A-B5;23.05;;;;;;;;;;lm 2014;;;;
Spira;33;CHE;2012;7908;BR;684;x;lit;sil;éclat cortical;;;3;;;;;;;A-B5;23.05;;;;;;;;;;lm 2014;;;;
Spira;33;CHE;2012;7909;BR;722;x;lit;sil;fragment lame corticale;;;3;;;;;;;B6;23.05;;;;;;;;;;lm 2014;;;;
Spira;33;CHE;2012;7910;BR;722;x;lit;sil;pointe retouchée à tronquature;;;3;;;;;;;B6;23.05;;;;;;;;;;lm 2014;;;;
Spira;33;CHE;2012;7911;BR;722;x;lit;sil;éclat;;;3;;;;;;;B6;23.05;;;;;;;;;;lm 2014;;;;
Spira;33;CHE;2012;7912;BR;722;x;lit;sil;éclat cortical;;;3;;;;;;;B6;23.05;;;;;;;;;;lm 2014;;;;
Spira;33;CHE;2012;7913;BR;722;x;lit;sil;éclat cortical;;;3;;;;;;;B6;23.05;;;;;;;;;;lm 2014;;;;
Spira;33;CHE;2012;7914;BR;722;x;lit;sil;éclat;;;3;;;;;;;B6;23.05;;;;;;;;;;lm 2014;;;;
Spira;33;CHE;2012;7915;BR;722;x;lit;sil;éclat;;;3;;;;;;;B6;23.05;;;;;;;;;;lm 2014;;;;
Spira;33;CHE;2012;7916;BR;722;x;lit;sil;esquille;;;3;;;;;;;B6;23.05;;;;;;;;;;lm 2014;;;;
Spira;33;CHE;2012;7917;BR;722;x;lit;sil;esquille;;;3;;;;;;;B6;23.05;;;;;;;;;;lm 2014;;;;
Spira;33;CHE;2012;7918;BR;722;x;lit;sil;lamelle retouchée à tronquature;;;3;;;;;;;B6;23.05;;;;;;;;;;lm 2014;;;;
Spira;33;CHE;2012;7919;BR;722;x;lit;sil;fragment lame;;;3;;;;;;;B6;23.05;;;;;;;;;;lm 2014;;;;
Spira;33;CHE;2012;7920;BR;976;x;lit;sil;éclat;;;3;base;;;;;;B7;29.05;;;;;;;;;;lm 2014;;;;
Spira;33;CHE;2012;7921;BR;977;x;lit;sil;nucléus esquilllé;;;3;base;;;;;;B7;;;;;;;;;;;lm 2014;;;;
Spira;33;CHE;2012;7922;BR;978;x;lit;sil;grattoir;;;3;milieu;;;;;;B7;29.05;;;;;;;;;;lm 2014;;;;
Spira;33;CHE;2012;7923;BR;979;x;lit;sil;galet éclaté;;;3;milieu;;;;;;B7;29.05;;;;;;;;;;lm 2014;;;;
Spira;33;CHE;2012;7924;BR;980;x;lit;sil;lamelle retouchée;;;3;base;;;;;;B7;29.05;;;;;;;;;;lm 2014;;;;
Spira;33;CHE;2012;7925;BR;981;x;lit;sil;éclat;;;3;milieu;;;;;;B7;29.05;;;;;;;;;;lm 2014;;;;
Spira;33;CHE;2012;7926;BR;982;x;lit;sil;trapèze rectange;;;4;milieu;;;;;;B7;29.05;;;;;;;;;;lm 2014;;;;
Spira;33;CHE;2012;7927;BR;982;x;lit;sil;lamelle corticale;;;4;milieu;;;;;;B7;29.05;;;;;;;;;;lm 2014;;;;
Spira;33;CHE;2012;7928;BR;982;x;lit;sil;éclat;;;4;milieu;;;;;;B7;29.05;;;;;;;;;;lm 2014;;;;
Spira;33;CHE;2012;7929;BR;983;x;lit;sil;éclat cortical;;;3;base;;;;;;B7;29.05;;;;;;;;;;lm 2014;;;;
Spira;33;CHE;2012;7930;BR;984;x;lit;sil;éclat cortical;;;3;milieu;;;;;;B7;29.05;;;;;;;;;;lm 2014;;;;
Spira;33;CHE;2012;7931;BR;985;x;lit;sil;lames à encoches;;;3;base;;;;;;B7;29.05;;;;;;;;;;lm 2014;;;;
Spira;33;CHE;2012;7932;BR;985;x;lit;sil;esquille;;;3;base;;;;;;B7;29.05;;;;;;;;;;lm 2014;;;;
Spira;33;CHE;2012;7933;BR;473;x;lit;sil;grattoir;;;3;base;;;;;;B8;16.05;;;;;;;;;;lm 2014;;;;
Spira;33;CHE;2012;7934;BR;473;x;lit;sil;pointe retouchée;;;3;base;;;;;;B8;16.05;;;;;;;;;;lm 2014;;;;
Spira;33;CHE;2012;7935;BR;473;x;lit;sil;sergment de cercle ?;;;3;base;;;;;;B8;16.05;;;;;;;;;;lm 2014;;;;
Spira;33;CHE;2012;7936;BR;473;x;lit;sil;lamelle à tronquature;;;3;base;;;;;;B8;16.05;;;;;;;;;;lm 2014;;;;
Spira;33;CHE;2012;7937;BR;473;x;lit;sil;lamelle à tronquatures;;;3;base;;;;;;B8;16.05;;;;;;;;;;lm 2014;;;;
Spira;33;CHE;2012;7938;BR;473;x;lit;sil;lamelle à tronquatures;;;3;base;;;;;;B8;16.05;;;;;;;;;;lm 2014;;;;
Spira;33;CHE;2012;7939;BR;473;x;lit;sil;lamelle;;;3;base;;;;;;B8;16.05;;;;;;;;;;lm 2014;;;;
Spira;33;CHE;2012;7940;BR;473;x;lit;sil;lamelle;;;3;base;;;;;;B8;16.05;;;;;;;;;;lm 2014;;;;
Spira;33;CHE;2012;7941;BR;473;x;lit;sil;éclat cortical;;;3;base;;;;;;B8;16.05;;;;;;;;;;lm 2014;;;;
Spira;33;CHE;2012;7942;BR;473;x;lit;sil;éclat cortical;;;3;base;;;;;;B8;16.05;;;;;;;;;;lm 2014;;;;
Spira;33;CHE;2012;7943;BR;473;x;lit;sil;éclat cortical;;;3;base;;;;;;B8;16.05;;;;;;;;;;lm 2014;;;;
Spira;33;CHE;2012;7944;BR;473;x;lit;sil;éclat cortical;;;3;base;;;;;;B8;16.05;;;;;;;;;;lm 2014;;;;
Spira;33;CHE;2012;7945;BR;473;x;lit;sil;éclat cortical;;;3;base;;;;;;B8;16.05;;;;;;;;;;lm 2014;;;;
Spira;33;CHE;2012;7946;BR;473;x;lit;sil;éclat;;;3;base;;;;;;B8;16.05;;;;;;;;;;lm 2014;;;;
Spira;33;CHE;2012;7947;BR;473;x;lit;sil;éclat;;;3;base;;;;;;B8;16.05;;;;;;;;;;lm 2014;;;;
Spira;33;CHE;2012;7948;BR;473;x;lit;sil;éclat;;;3;base;;;;;;B8;16.05;;;;;;;;;;lm 2014;;;;
Spira;33;CHE;2012;7949;BR;473;x;lit;sil;éclat;;;3;base;;;;;;B8;16.05;;;;;;;;;;lm 2014;;;;
Spira;33;CHE;2012;7950;BR;473;x;lit;sil;éclat;;;3;base;;;;;;B8;16.05;;;;;;;;;;lm 2014;;;;
Spira;33;CHE;2012;7951;BR;473;x;lit;sil;éclat;;;3;base;;;;;;B8;16.05;;;;;;;;;;lm 2014;;;;
Spira;33;CHE;2012;7952;BR;473;x;lit;sil;éclat;;;3;base;;;;;;B8;16.05;;;;;;;;;;lm 2014;;;;
Spira;33;CHE;2012;7953;BR;473;x;lit;sil;éclat;;;3;base;;;;;;B8;16.05;;;;;;;;;;lm 2014;;;;
Spira;33;CHE;2012;7954;BR;473;x;lit;sil;éclat;;;3;base;;;;;;B8;16.05;;;;;;;;;;lm 2014;;;;
Spira;33;CHE;2012;7955;BR;473;x;lit;sil;éclat;;;3;base;;;;;;B8;16.05;;;;;;;;;;lm 2014;;;;
Spira;33;CHE;2012;7956;BR;473;x;lit;sil;éclat;;;3;base;;;;;;B8;16.05;;;;;;;;;;lm 2014;;;;
Spira;33;CHE;2012;7957;BR;473;x;lit;sil;esquille;;;3;base;;;;;;B8;16.05;;;;;;;;;;lm 2014;;;;
Spira;33;CHE;2012;7958;BR;473;x;lit;sil;esquille;;;3;base;;;;;;B8;16.05;;;;;;;;;;lm 2014;;;;
Spira;33;CHE;2012;7959;BR;555;x;lit;sil;pointe à tronquature;;;3;milieu;;;;;;B8;21.05;;;;;;;;;;lm 2014;;;;
Spira;33;CHE;2012;7960;BR;477;x;lit;sil;éclat;;;3;base;;;;;;B9;16.05;;;;;;;;;;lm 2014;;;;
Spira;33;CHE;2012;7961;BR;477;x;lit;sil;éclat;;;3;base;;;;;;B9;16.05;;;;;;;;;;lm 2014;;;;
Spira;33;CHE;2012;7962;BR;477;x;lit;sil;fragment lamelle corticale;;;3;base;;;;;;B9;16.05;;;;;;;;;;lm 2014;;;;
Spira;33;CHE;2012;7963;BR;478;x;lit;sil;éclat cortical;;;3;base;;;;;;B9;16.05;;;;;;;;;;lm 2014;;;;
Spira;33;CHE;2012;7964;BR;478;x;lit;sil;éclat cortical;;;3;base;;;;;;B9;16.05;;;;;;;;;;lm 2014;;;;
Spira;33;CHE;2012;7965;BR;478;x;lit;sil;éclat cortical;;;3;base;;;;;;B9;16.05;;;;;;;;;;lm 2014;;;;
Spira;33;CHE;2012;7966;BR;479;x;lit;sil;lame;;;3;base;;;;;;B9;16.05;;;;;;;;;;lm 2014;;;;
Spira;33;CHE;2012;7967;BR;479;x;lit;sil;lame retouchée;;;3;base;;;;;;B9;16.05;;;;;;;;;;lm 2014;;;;
Spira;33;CHE;2012;7968;BR;482;x;lit;sil;lame corticale;;;3;base;;;;;;B10;16.05;;;;;;;;;;lm 2014;;;;
Spira;33;CHE;2012;7969;BR;482;x;lit;sil;éclat;;;3;base;;;;;;B10;16.05;;;;;;;;;;lm 2014;;;;
Spira;33;CHE;2012;7970;BR;482;x;lit;sil;;;;3;base;;;;;;B10;16.05;;;;;;;;;;lm 2014;;;;
Spira;33;CHE;2012;7971;BR;3446;x;lit;sil;éclat;;;3;;;;;;;B10;19.09;;;;;;;;;;lm 2014;;;;
Spira;33;CHE;2012;7972;BR;3446;x;lit;sil;éclat cortical;;;3;;;;;;;B10;19.09;;;;;;;;;;lm 2014;;;;
Spira;33;CHE;2012;7973;BR;3446;x;lit;sil;éclat;;;3;;;;;;;B10;19.09;;;;;;;;;;lm 2014;;;;
Spira;33;CHE;2012;7974;BR;288;x;lit;sil; lame corticale;;;3;base;;;;;;C2;11.05;;;;;;;;;;lm 2014;;;;
Spira;33;CHE;2012;7975;BR;289;x;lit;sil;éclat;;;3;base;;;;;;C2;11.05;;;;;;;;;;lm 2014;;;;
Spira;33;CHE;2012;7976;BR;289;x;lit;sil;éclat;;;3;base;;;;;;C2;11.05;;;;;;;;;;lm 2014;;;;
Spira;33;CHE;2012;7977;BR;750;x;lit;sil;lamelle ?;;;3;base;;;;;;C6;24.05;;;;;;;;;;lm 2014;;;;
Spira;33;CHE;2012;7978;BR;750;x;lit;sil;fragment de lame;;;3;base;;;;;;C6;24.05;;;;;;;;;;lm 2014;;;;
Spira;33;CHE;2012;7979;BR;750;x;lit;sil;lame ?;;;3;base;;;;;;C6;24.05;;;;;;;;;;lm 2014;;;;
Spira;33;CHE;2012;7980;BR;750;x;lit;sil;éclat retouché;;;3;base;;;;;;C6;24.05;;;;;;;;;;lm 2014;;;;
Spira;33;CHE;2012;7981;BR;750;x;lit;sil;éclat;;;3;base;;;;;;C6;24.05;;;;;;;;;;lm 2014;;;;
Spira;33;CHE;2012;7982;BR;750;x;lit;sil;éclat;;;3;base;;;;;;C6;24.05;;;;;;;;;;lm 2014;;;;
Spira;33;CHE;2012;7983;BR;750;x;lit;sil;éclat;;;3;base;;;;;;C6;24.05;;;;;;;;;;lm 2014;;;;
Spira;33;CHE;2012;7984;BR;750;x;lit;sil;éclat;;;3;base;;;;;;C6;24.05;;;;;;;;;;lm 2014;;;;
Spira;33;CHE;2012;7985;BR;750;x;lit;sil;éclat;;;3;base;;;;;;C6;24.05;;;;;;;;;;lm 2014;;;;
Spira;33;CHE;2012;7986;BR;750;x;lit;sil;éclat;;;3;base;;;;;;C6;24.05;;;;;;;;;;lm 2014;;;;
Spira;33;CHE;2012;7987;BR;750;x;lit;sil;éclat;;;3;base;;;;;;C6;24.05;;;;;;;;;;lm 2014;;;;
Spira;33;CHE;2012;7988;BR;750;x;lit;sil;éclat nucléus;;;3;base;;;;;;C6;24.05;;;;;;;;;;lm 2014;;;;
Spira;33;CHE;2012;7989;BR;750;x;lit;sil;éclat cortical;;;3;base;;;;;;C6;24.05;;;;;;;;;;lm 2014;;;;
Spira;33;CHE;2012;7990;BR;750;x;lit;sil;éclat cortical;;;3;base;;;;;;C6;24.05;;;;;;;;;;lm 2014;;;;
Spira;33;CHE;2012;7991;BR;750;x;lit;sil;éclat cortical;;;3;base;;;;;;C6;24.05;;;;;;;;;;lm 2014;;;;
Spira;33;CHE;2012;7992;BR;750;x;lit;sil;éclat cortical;;;3;base;;;;;;C6;24.05;;;;;;;;;;lm 2014;;;;
Spira;33;CHE;2012;7993;BR;750;x;lit;sil;éclat cortical;;;3;base;;;;;;C6;24.05;;;;;;;;;;lm 2014;;;;
Spira;33;CHE;2012;7994;BR;750;x;lit;sil;esquille;;;3;base;;;;;;C6;24.05;;;;;;;;;;lm 2014;;;;
Spira;33;CHE;2012;7995;BR;990;x;lit;sil;éclat cortical (chaille);;;4;-;;;;;;C7;29.05;;;;;;;;;;lm 2014;;;;
Spira;33;CHE;2012;7996;BR;991;x;lit;sil;éclat;;;4;-;;;;;;C7;29.05;;;;;;;;;;lm 2014;;;;
Spira;33;CHE;2012;7997;BR;992;x;lit;sil;lame coritcale ?;;;4;-;;;;;;C7;29.05;;;;;;;;;;lm 2014;;;;
Spira;33;CHE;2012;7998;BR;993;x;lit;sil;1 éclat;;;3;milieu;;;;;;C7;29.05;;;;;;;;;;lm 2014;;;;
Spira;33;CHE;2012;7999;BR;2059;x;lit;sil;1 éclat;;;4;préparation coupe;;;;;;C7;31.05;;;;;;;;;;lm 2014;;;;
Spira;33;CHE;2012;8000;BR;1172;x;lit;sil;fragment lame ?;;;4;;;;;;;C8;30.05;;;;;;;;;;lm 2014;;;;
Spira;33;CHE;2012;8001;BR;1173;x;lit;sil; nucléus;;;4;;;;;;;C8;30.05;;;;;;;;;;lm 2014;;;;
Spira;33;CHE;2012;8002;BR;1174;x;lit;sil;éclat;;;3;;;;;;;C8;30.05;;;;;;;;;;lm 2014;;;;
Spira;33;CHE;2012;8003;BR;1175;x;lit;sil;fragment lamelle;;;4;;;;;;;C8;30.05;;;;;;;;;;lm 2014;;;;
Spira;33;CHE;2012;8004;BR;1176;x;lit;sil;fragment lamelle;;;3;base;;;;;;C8;30.05;;;;;;;;;;lm 2014;;;;
Spira;33;CHE;2012;8005;BR;1177;x;lit;sil;lame à tronquatures;;;4;;;;;;;C8;30.05;;;;;;;;;;lm 2014;;;;
Spira;33;CHE;2012;8006;BR;1182;x;lit;sil;éclat;;;4;;;;;;;C9;30.05;;;;;;;;;;lm 2014;;;;
Spira;33;CHE;2012;8007;BR;1183;x;lit;sil;éclat;;;3;base;;;;;;C9;30.05;;;;;;;;;;lm 2014;;;;
Spira;33;CHE;2012;8008;BR;1184;x;lit;sil;éclat;;;3;base;;;;;;C9;30.05;;;;;;;;;;lm 2014;;;;
Spira;33;CHE;2012;8009;BR;1185;x;lit;sil;segment de cercle ;;;4;;;;;;;C9;30.05;;;;;;;;;;lm 2014;;;;
Spira;33;CHE;2012;8010;BR;1186;x;lit;sil;éclat cortical;;;4;;;;;;;C9;30.05;;;;;;;;;;lm 2014;;;;
Spira;33;CHE;2012;8011;BR;1192;x;lit;sil;éclat de chaille;;;3;base;;;;;;C10;30.05;;;;;;;;;;lm 2014;;;;
Spira;33;CHE;2012;8012;BR;1193;x;lit;sil;éclat cortical;;;3;base;;;;;;C10;30.05;;;;;;;;;;lm 2014;;;;
Spira;33;CHE;2012;8013;BR;3468;x;lit;sil;éclat cortical ;;;4;sommet;;;;;;C10;20.09;;;;;;;;;;lm 2014;;;;
Spira;33;CHE;2012;8014;BR;3744;x;lit;sil;éclat;;;2.3;;;;;;;C11;27.11;;;;;;;;;;lm 2014;;;;
Spira;33;CHE;2012;8015;BR;3744;x;lit;sil;esquille ;;;2.3;;;;;;;C11;27.11;;;;;;;;;;lm 2014;;;;
Spira;33;CHE;2012;8016;BR;3746;x;lit;sil;éclat cortical;;;4;;;;;;;C11;27.11;;;;;;;;;;lm 2014;;;;
Spira;33;CHE;2012;8017;BR;3747;x;lit;sil;minuscule éclat;;;4;;;;;;;C11;27.11;;;;;;;;;;lm 2014;;;;
Spira;33;CHE;2012;8018;BR;3747;x;lit;sil;minuscule éclat;;;4;;;;;;;C11;27.11;;;;;;;;;;lm 2014;;;;
Spira;33;CHE;2012;8019;BR;315;x;lit;sil;éclat retouché;;;3;base;;;;;;D2;11.05;;;;;;;;;;lm 2014;;;;
Spira;33;CHE;2012;8020;BR;315;x;lit;sil;fragment de lamelle;;;3;base;;;;;;D2;11.05;;;;;;;;;;lm 2014;;;;
Spira;33;CHE;2012;8021;BR;315;x;lit;sil;fragment de lamelle;;;3;base;;;;;;D2;11.05;;;;;;;;;;lm 2014;;;;
Spira;33;CHE;2012;8022;BR;315;x;lit;sil;lame corticale;;;3;base;;;;;;D2;11.05;;;;;;;;;;lm 2014;;;;
Spira;33;CHE;2012;8023;BR;315;x;lit;sil;éclat cortical;;;3;base;;;;;;D2;11.05;;;;;;;;;;lm 2014;;;;
Spira;33;CHE;2012;8024;BR;315;x;lit;sil;éclat cortical;;;3;base;;;;;;D2;11.05;;;;;;;;;;lm 2014;;;;
Spira;33;CHE;2012;8025;BR;315;x;lit;sil;éclat cortical;;;3;base;;;;;;D2;11.05;;;;;;;;;;lm 2014;;;;
Spira;33;CHE;2012;8026;BR;315;x;lit;sil;éclat;;;3;base;;;;;;D2;11.05;;;;;;;;;;lm 2014;;;;
Spira;33;CHE;2012;8027;BR;154;x;lit;sil;nucléus;;;3;base;;;;;;D3;10.05;;;;;;;;;;lm 2014;;;;
Spira;33;CHE;2012;8028;BR;154;x;lit;sil;éclat nucléus;;;3;base;;;;;;D3;10.05;;;;;;;;;;lm 2014;;;;
Spira;33;CHE;2012;8029;BR;155;x;lit;sil;éclat cortical;;;3;base;;;;;;D3;10.05;;;;;;;;;;lm 2014;;;;
Spira;33;CHE;2012;8030;BR;155;x;lit;sil;lame retouchée ?;;;3;base;;;;;;D3;10.05;;;;;;;;;;lm 2014;;;;
Spira;33;CHE;2012;8031;BR;156;x;lit;sil;éclat;;;3;base;;;;;;D3;10.05;;;;;;;;;;lm 2014;;;;
Spira;33;CHE;2012;8032;BR;156;x;lit;sil;éclat cortical;;;3;base;;;;;;D3;10.05;;;;;;;;;;lm 2014;;;;
Spira;33;CHE;2012;8033;BR;156;x;lit;sil;éclat retouché;;;3;base;;;;;;D3;10.05;;;;;;;;;;lm 2014;;;;
Spira;33;CHE;2012;8034;BR;157;x;lit;sil;éclat cortical;;;3;milieu;;;;;;D3;10.05;;;;;;;;;;lm 2014;;;;
Spira;33;CHE;2012;8035;BR;157;x;lit;sil;éclat;;;3;milieu;;;;;;D3;10.05;;;;;;;;;;lm 2014;;;;
Spira;33;CHE;2012;8036;BR;162;x;lit;sil;éclat;;;3;base;;;;;;D4;10.05;;;;;;;;;;lm 2014;;;;
Spira;33;CHE;2012;8037;BR;162;x;lit;sil;éclat;;;3;base;;;;;;D4;10.05;;;;;;;;;;lm 2014;;;;
Spira;33;CHE;2012;8038;BR;251;x;lit;sil;lame retouchée à tronquature;;;3;base;;;;;;D5;10.05;;;;;;;;;;lm 2014;;;;
Spira;33;CHE;2012;8039;BR;252;x;lit;sil;lame corticale;;;3;base;;;;;;D5;10.05;;;;;;;;;;lm 2014;;;;
Spira;33;CHE;2012;8040;BR;252;x;lit;sil;fragment de lamelle;;;3;base;;;;;;D5;10.05;;;;;;;;;;lm 2014;;;;
Spira;33;CHE;2012;8041;BR;252;x;lit;sil;fragment de lamelle;;;3;base;;;;;;D5;10.05;;;;;;;;;;lm 2014;;;;
Spira;33;CHE;2012;8042;BR;252;x;lit;sil;éclat cortical;;;3;base;;;;;;D5;10.05;;;;;;;;;;lm 2014;;;;
Spira;33;CHE;2012;8043;BR;252;x;lit;sil;éclat;;;3;base;;;;;;D5;10.05;;;;;;;;;;lm 2014;;;;
Spira;33;CHE;2012;8044;BR;252;x;lit;sil;éclat;;;3;base;;;;;;D5;10.05;;;;;;;;;;lm 2014;;;;
Spira;33;CHE;2012;8045;BR;253;x;lit;sil;nucléus;;;3;milieu;;;;;;D5;10.05;;;;;;;;;;lm 2014;;;;
Spira;33;CHE;2012;8046;BR;163;x;lit;sil;silex éclat;;;2;-;;;;;;D6;10.05;;;;;;;;;;lm 2014;;;;
Spira;33;CHE;2012;8047;BR;330;x;lit;sil;fragment lamelle;;;3;base;;;;;;D6;11.05;;;;;;;;;;lm 2014;;;;
Spira;33;CHE;2012;8048;BR;330;x;lit;sil;fragment lamelle;;;3;base;;;;;;D6;11.05;;;;;;;;;;lm 2014;;;;
Spira;33;CHE;2012;8049;BR;330;x;lit;sil;éclat cortical;;;3;base;;;;;;D6;11.05;;;;;;;;;;lm 2014;;;;
Spira;33;CHE;2012;8050;BR;330;x;lit;sil;éclat;;;3;base;;;;;;D6;11.05;;;;;;;;;;lm 2014;;;;
Spira;33;CHE;2012;8051;BR;330;x;lit;sil;éclat;;;3;base;;;;;;D6;11.05;;;;;;;;;;lm 2014;;;;
Spira;33;CHE;2012;8052;BR;1202;x;lit;sil;éclat cortical à encoche;;;4;;;;;;;D7;29.05;;;;;;;;;;lm 2014;;;;
Spira;33;CHE;2012;8053;BR;1202;x;lit;sil;éclat cortical;;;4;;;;;;;D7;29.05;;;;;;;;;;lm 2014;;;;
Spira;33;CHE;2012;8054;BR;1202;x;lit;sil;éclat cortical;;;4;;;;;;;D7;29.05;;;;;;;;;;lm 2014;;;;
Spira;33;CHE;2012;8055;BR;1202;x;lit;sil;esquille;;;4;;;;;;;D7;29.05;;;;;;;;;;lm 2014;;;;
Spira;33;CHE;2012;8056;BR;1202;x;lit;sil;esquille;;;4;;;;;;;D7;29.05;;;;;;;;;;lm 2014;;;;
Spira;33;CHE;2012;8057;BR;1203;x;lit;sil;fragment de lame;;;4;;;;;;;D7;29.05;;;;;;;;;;lm 2014;;;;
Spira;33;CHE;2012;8058;BR;1204;x;lit;sil;nucléus;;;3;base;;;;;;D7;29.05;;;;;;;;;;lm 2014;;;;
Spira;33;CHE;2012;8059;BR;1204;x;lit;sil;esquille;;;3;base;;;;;;D7;29.05;;;;;;;;;;lm 2014;;;;
Spira;33;CHE;2012;8060;BR;1205;x;lit;sil;éclat à encoche;;;4;;;;;;;D7;29.05;;;;;;;;;;lm 2014;;;;
Spira;33;CHE;2012;8061;BR;1206;x;lit;sil;nucléus;;;4;;;;;;;D7;29.05;;;;;;;;;;lm 2014;;;;
Spira;33;CHE;2012;8062;BR;1207;x;lit;sil;éclat cortical;;;3;base;;;;;;D7;29.05;;;;;;;;;;lm 2014;;;;
Spira;33;CHE;2012;8063;BR;1208;x;lit;sil;éclat cortical retouché;;;3;base;;;;;;D7;29.05;;;;;;;;;;lm 2014;;;;
Spira;33;CHE;2012;8064;BR;1209;x;lit;sil;nucléus;;;3;milieu;;;;;;D7;29.05;;;;;;;;;;lm 2014;;;;
Spira;33;CHE;2012;8065;BR;1210;x;lit;sil;éclat cortical;;;4;;;;;;;D7;29.05;;;;;;;;;;lm 2014;;;;
Spira;33;CHE;2012;8066;BR;751;x;lit;sil;nucléus;;;3;haut;;;;;;D8;23.05;;;;;;;;;;lm 2014;;;;
Spira;33;CHE;2012;8067;BR;752;x;lit;sil;lamelle;;;3;base;;;;;;D8;23.05;;;;;;;;;;lm 2014;;;;
Spira;33;CHE;2012;8068;BR;758;x;lit;sil;triangle scalène;;;3;base;;;;;;D8;23.05;;;;;;;;;;lm 2014;;;;
Spira;33;CHE;2012;8069;BR;759;x;lit;sil;éclat cortical;;;4;;;;;;;D8;23.05;;;;;;;;;;lm 2014;;;;
Spira;33;CHE;2012;8070;BR;760;x;lit;sil;éclat cortical;;;4;;;;;;;D8;23.05;;;;;;;;;;lm 2014;;;;
Spira;33;CHE;2012;8071;BR;772;x;lit;sil;éclat cortical;;;3;base;;;;;;D9;23.05;;;;;;;;;;;;;;
Spira;33;CHE;2012;8072;BR;773;x;lit;sil;fragment de lame retouchée;;;4;;;;;;;D9;23.05;;;;;;;;;;lm 2014;;;;
Spira;33;CHE;2012;8073;BR;774;x;lit;sil;éclat;;;3;base;;;;;;D9;23.05;;;;;;;;;;lm 2014;;;;
Spira;33;CHE;2012;8074;BR;774;x;lit;sil;fragment de lame;;;3;base;;;;;;D9;23.05;;;;;;;;;;lm 2014;;;;
Spira;33;CHE;2012;8075;BR;774;x;lit;sil;fragment de lame;;;3;base;;;;;;D9;23.05;;;;;;;;;;lm 2014;;;;
Spira;33;CHE;2012;8076;BR;775;x;lit;sil;éclat;;;3;sommet;;;;;;D9;23.05;;;;;;;;;;lm 2014;;;;
Spira;33;CHE;2012;8077;BR;786;x;lit;sil;lame tronquée;;;3;base;;;;;;D10;22.05;;;;;;;;;;lm 2014;;;;
Spira;33;CHE;2012;8078;BR;787;x;lit;sil;grattoirf sur éclat cortical;;;3;base;;;;;;D10;22.05;;;;;;;;;;lm 2014;;;;
Spira;33;CHE;2012;8079;BR;788;x;lit;sil;éclat cortical;;;3;milieu;;;;;;D10;22.05;;;;;;;;;;lm 2014;;;;
Spira;33;CHE;2012;8080;BR;3730;x;lit;sil;éclat;;;4;;;;;;;D11;21.11;;;;;;;;;;lm 2014;;;;
Spira;33;CHE;2012;8081;BR;1530;x;lit;sil;1 éclat;;;3;milieu;;;;;;E2;31.05;;;;;;;;;;lm 2014;;;;
Spira;33;CHE;2012;8082;BR;2083;x;lit;sil;éclat corticlal lamélaire;;;3;milieu;;;;;;E2;6.06;;;;;;;;;;lm 2014;;;;
Spira;33;CHE;2012;8084;BR;1496;x;lit;sil;éclat;;;4;;;;;;;E3;31.05;;;;;;;;;;lm 2014;;;;
Spira;33;CHE;2012;8085;BR;1497;x;lit;sil;éclat;;;3;base;;;;;;E3;31.05;;;;;;;;;;lm 2014;;;;
Spira;33;CHE;2012;8086;BR;1498;x;lit;sil;éclat cortical retouché;;;4;;;;;;;E3;31.05;;;;;;;;;;lm 2014;;;;
Spira;33;CHE;2012;8087;BR;1499;x;lit;sil;lame corticale retouchée;;;3;base;;;;;;E3;31.05;;;;;;;;;;lm 2014;;;;
Spira;33;CHE;2012;8088;BR;1500;x;lit;sil;éclat cortical;;;3;base;;;;;;E3;31.05;;;;;;;;;;lm 2014;;;;
Spira;33;CHE;2012;8089;BR;1501;x;lit;sil;éclat cortical;;;4;;;;;;;E3;31.05;;;;;;;;;;lm 2014;;;;
Spira;33;CHE;2012;8090;BR;2094;x;lit;sil;éclat  ;;;3;base;;;;;;E3;6.06;;;;;;;;;;lm 2014;;;;
Spira;33;CHE;2012;8091;BR;2094;x;lit;sil;éclat;;;3;base;;;;;;E3;6.06;;;;;;;;;;lm 2014;;;;
Spira;33;CHE;2012;8092;BR;1420;x;lit;sil;esquille;;;3;milieu;;;;;;E4;31.05;;;;;;;;;;lm 2014;;;;
Spira;33;CHE;2012;8093;BR;1421;x;lit;sil;lamelle;;;3;base;;;;;;E4;31.05;;;;;;;;;;lm 2014;;;;
Spira;33;CHE;2012;8094;BR;1422;x;lit;sil;éclat;;;3;milieu;;;;;;E4;31.05;;;;;;;;;;lm 2014;;;;
Spira;33;CHE;2012;8095;BR;2011;x;lit;sil;fragment lame Montbani;;;3;base;;;;;;F4;5.06;;;;;;;;;;lm 2014;;;;
Spira;33;CHE;2012;8096;BR;2012;x;lit;sil;nucléus;;;3;base;;;;;;F4;5.06;;;;;;;;;;lm 2014;;;;
Spira;33;CHE;2012;8097;BR;1911;x;lit;sil;lamelle;;;3;base;;;;;;E5;4.06;;;;;;;;;;lm 2014;;;;
Spira;33;CHE;2012;8098;BR;1911;x;lit;sil;fragment lamelle  ;;;3;base;;;;;;E5;4.06;;;;;;;;;;lm 2014;;;;
Spira;33;CHE;2012;8099;BR;1911;x;lit;sil;esquille corticale;;;3;base;;;;;;E5;4.06;;;;;;;;;;lm 2014;;;;
Spira;33;CHE;2012;8100;BR;1911;x;lit;sil;esquille corticale;;;3;base;;;;;;E5;4.06;;;;;;;;;;lm 2014;;;;
Spira;33;CHE;2012;8101;BR;1920;x;lit;sil;nucléus;;;3;sommet;;;;;;E5;4.06;;;;;;;;;;lm 2014;;;;
Spira;33;CHE;2012;8102;BR;1482;x;lit;sil;1 éclat;;;4;;;;;;;E6;30.05;;;;;;;;;;lm 2014;;;;
Spira;33;CHE;2012;8103;BR;1585;x;lit;sil;1 nucléus;;;4;;;;;;;E7;1.06;;;;;;;;;;lm 2014;;;;
Spira;33;CHE;2012;8104;BR;2270;x;lit;sil;éclat cortical;;;3;base;;;;;;E7;13.06;;;;;;;;;;lm 2014;;;;
Spira;33;CHE;2012;8105;BR;2270;x;lit;sil;pointe à retouches denticulées sur 1 côté;;;3;base;;;;;;E7;13.06;;;;;;;;;;lm 2014;;;;
Spira;33;CHE;2012;8106;BR;1214;x;lit;sil;chaillle;;;3;base;;;;;;E8;30.05;;;;;;;;;;lm 2014;;;;
Spira;33;CHE;2012;8107;BR;1215;x;lit;sil;éclat;;;3;base;;;;;;E8;30.05;;;;;;;;;;lm 2014;;;;
Spira;33;CHE;2012;8108;BR;812;x;lit;sil;éclat cortical;;;3;base;;;;;;E10;23.05;;;;;;;;;;lm 2014;;;;
Spira;33;CHE;2012;8109;BR;2075;x;lit;sil;grattoir unguiforme;;;3;base;;;;;;F2;6.06;;;;;;;;;;lm 2014;;;;
Spira;33;CHE;2012;8110;BR;1995;x;lit;sil;éclat cortical;;;3;milieu;;;;;;F4;5.06;;;;;;;;;;lm 2014;;;;
Spira;33;CHE;2012;8111;BR;1995;x;lit;sil;éclat lamélaire;;;3;milieu;;;;;;F4;5.06;;;;;;;;;;lm 2014;;;;
Spira;33;CHE;2012;8112;BR;1996;x;lit;sil;nucléus;;;3;base;;;;;;F4;5.06;;;;;;;;;;lm 2014;;;;
Spira;33;CHE;2012;8113;BR;1996;x;lit;sil;éclat;;;3;base;;;;;;F4;5.06;;;;;;;;;;lm 2014;;;;
Spira;33;CHE;2012;8114;BR;1996;x;lit;sil;éclat;;;3;base;;;;;;F4;5.06;;;;;;;;;;lm 2014;;;;
Spira;33;CHE;2012;8115;BR;1996;x;lit;sil;éclat;;;3;base;;;;;;F4;5.06;;;;;;;;;;lm 2014;;;;
Spira;33;CHE;2012;8116;BR;1996;x;lit;sil;éclat cortical;;;3;base;;;;;;F4;5.06;;;;;;;;;;lm 2014;;;;
Spira;33;CHE;2012;8117;BR;1941;x;lit;sil;éclat cortical à encoche ?;;;3;base;;;;;;F5;4.06;;;;;;;;;;lm 2014;;;;
Spira;33;CHE;2012;8118;BR;1941;x;lit;sil;éclat;;;3;base;;;;;;F5;4.06;;;;;;;;;;lm 2014;;;;
Spira;33;CHE;2012;8119;BR;1942;x;lit;sil;éclat cortical;;;3;base;;;;;;F5;4.06;;;;;;;;;;lm 2014;;;;
Spira;33;CHE;2012;8120;BR;1943;x;lit;sil;flanc de nucléus;;;3;base;;;;;;F5;4.06;;;;;;;;;;lm 2014;;;;
Spira;33;CHE;2012;8121;BR;1944;x;lit;sil;flanc de nucléus;;;3;base;;;;;;F5;4.06;;;;;;;;;;lm 2014;;;;
Spira;33;CHE;2012;8122;BR;2283;x;lit;sil;éclat;;;3;base;;;;;;F5;14.06;;;;;;;;;;lm 2014;;;;
Spira;33;CHE;2012;8123;BR;514;x;lit;sil;éclat cortical;;;3;base;;;;;;F8;21.05;;;;;;;;;;lm 2014;;;;
Spira;33;CHE;2012;8124;BR;1566;x;lit;sil;lamelle;;;3;base;;;;;;F6;1.06;;;;;;;;;;lm 2014;;;;
Spira;33;CHE;2012;8125;BR;1566;x;lit;sil;éclat;;;3;base;;;;;;F6;1.06;;;;;;;;;;lm 2014;;;;
Spira;33;CHE;2012;8126;BR;2285;x;lit;sil;éclat cortical à encoche retouchée;;;3;base;;;;;;F7;14.06;;;;;;;;;;lm 2014;;;;
Spira;33;CHE;2012;8127;BR;2285;x;lit;sil;éclat cortical;;;3;base;;;;;;F7;14.06;;;;;;;;;;lm 2014;;;;
Spira;33;CHE;2012;8128;BR;2285;x;lit;sil;esquille;;;3;base;;;;;;F7;14.06;;;;;;;;;;lm 2014;;;;
Spira;33;CHE;2012;8129;BR;2386;x;lit;sil;nucléus ?;;;3;base;;;;;;F7;20.06;;;;;;;;;;lm 2014;;;;
Spira;33;CHE;2012;8130;BR;3744;x;lit;sil;éclat;;;2.3;;;;;;;C11;27.11;;;;;;;;;;lm 2014;;;;
Spira;33;CHE;2012;8132;BR;2165;x;lit;sil;éclat;;;3;base;;;;;;G2;11.06;;;;;;;;;;lm 2014;;;;
Spira;33;CHE;2012;8133;BR;2166;x;lit;sil;lamelle à encoche;;;3;milieu;;;;;;G2;11.06;;;;;;;;;;lm 2014;;;;
Spira;33;CHE;2012;8134;BR;189;x;lit;sil;écalt cortical;;;3;base;;;;;;G3;9.05;;;;;;;;;;lm 2014;;;;
Spira;33;CHE;2012;8135;BR;190;x;lit;sil;flanc de nucléus;;;3;milieu;;;;;;G3;9.05;;;;;;;;;;lm 2014;;;;
Spira;33;CHE;2012;8136;BR;191;x;lit;sil;éclat;;;3;milieu;;;;;;G3;9.05;;;;;;;;;;lm 2014;;;;
Spira;33;CHE;2012;8137;BR;192;x;lit;sil;éclat cortical;;;3;sommet;;;;;;G3;9.05;;;;;;;;;;lm 2014;;;;
Spira;33;CHE;2012;8138;BR;2129;x;lit;sil;pièce esquillée;;;3;base;;;;;;G3;11.06;;;;;;;;;;lm 2014;;;;
Spira;33;CHE;2012;8139;BR;2130;x;lit;sil;éclat cortical;;;3;milieu;;;;;;G3;11.06;;;;;;;;;;lm 2014;;;;
Spira;33;CHE;2012;8140;BR;2037;x;lit;sil;nucléus;;;3;base;;;;;;G4;5.06;;;;;;;;;;lm 2014;;;;
Spira;33;CHE;2012;8141;BR;2037;x;lit;sil;lamellle;;;3;base;;;;;;G4;5.06;;;;;;;;;;lm 2014;;;;
Spira;33;CHE;2012;8142;BR;76;x;lit;sil;flanc de nucléus;;;3;base;;;;;;G5;9.05;;;;;;;;;;lm 2014;;;;
Spira;33;CHE;2012;8143;BR;2264;x;lit;sil;nucléus;;;3;base;;;;;;G5;14.06;;;;;;;;;;lm 2014;;;;
Spira;33;CHE;2012;8144;BR;1930;x;lit;sil;éclat lamélaire;;;3;base;;;;;;G6;1.06;;;;;;;;;;lm 2014;;;;
Spira;33;CHE;2012;8145;BR;2246;x;lit;sil;grattoir unguiforme;;;3;base;;;;;;G6;14.06;;;;;;;;;;lm 2014;;;;
Spira;33;CHE;2012;8146;BR;49;x;lit;sil;lame corticale à encoche;;;3;milieu;;;;;;G9;8.05;;;;;;;;;;lm 2014;;;;
Spira;33;CHE;2012;8147;BR;643;x;lit;sil;lamelle à encoche (burin?);;;3;sommet;;;;;;G9;22.05;;;;;;;;;;lm 2014;;;;
Spira;33;CHE;2012;8148;BR;61;x;lit;sil;nucléus;;;3;base;;;;;;G10;8.05;;;;;;;;;;lm 2014;;;;
Spira;33;CHE;2012;8149;BR;61;x;lit;sil;éclat;;;;;;;;;;;;;;;;;;;;;lm 2014;;;;
Spira;33;CHE;2012;8150;BR;62;x;lit;sil;lamelle corticale;;;3;sommet;;;;;;G10;8.05;;;;;;;;;;lm 2014;;;;
Spira;33;CHE;2012;8151;BR;647;x;lit;sil;rognon ?;;;3;sommet;;;;;;G10;22.05;;;;;;;;;;lm 2014;;;;
Spira;33;CHE;2012;8152;BR;647;x;lit;sil;rognon ?;;;3;sommet;;;;;;G10;22.05;;;;;;;;;;lm 2014;;;;
Spira;33;CHE;2012;8153;BR;648;x;lit;sil;éclat;;;3;base;;;;;;G10;22.05;;;;;;;;;;lm 2014;;;;
Spira;33;CHE;2012;8154;BR;1296;x;lit;sil;éclat cortical (grattoir unguiforme?);;;2;base;;;;16;mach;G10;25.05;;;;;;;;;;lm 2014;;;;
Spira;33;CHE;2012;8155;BR;1656;x;lit;sil;éclat;;;3;base;;;;;;H3;31.05;;;;;;;;;;lm 2014;;;;
Spira;33;CHE;2012;8156;BR;1656;x;lit;sil;éclat cortical;;;3;base;;;;;;H3;31.05;;;;;;;;;;lm 2014;;;;
Spira;33;CHE;2012;8157;BR;1038;x;lit;sil;trapèze ;;;3;base;;;;;;H6;24.05;;;;;;;;;;lm 2014;;;;
Spira;33;CHE;2012;8158;BR;1038;x;lit;sil;éclat;;;3;base;;;;;;H6;24.05;;;;;;;;;;lm 2014;;;;
Spira;33;CHE;2012;8159;BR;1038;x;lit;sil;éclat;;;3;base;;;;;;H6;24.05;;;;;;;;;;lm 2014;;;;
Spira;33;CHE;2012;8160;BR;1038;x;lit;sil;éclat;;;3;base;;;;;;H6;24.05;;;;;;;;;;lm 2014;;;;
Spira;33;CHE;2012;8161;BR;1038;x;lit;sil;éclat cortical;;;3;base;;;;;;H6;24.05;;;;;;;;;;lm 2014;;;;
Spira;33;CHE;2012;8162;BR;1038;x;lit;sil;esquille;;;3;base;;;;;;H6;24.05;;;;;;;;;;lm 2014;;;;
Spira;33;CHE;2012;8163;BR;2319;x;lit;sil;nucléus esquillé;;;3;base;;;;;;H7;18.06;;;;;;;;;;lm 2014;;;;
Spira;33;CHE;2012;8164;BR;2318;x;lit;sil;couteau à dos sur lame corticale;;;3;base;;;;;;H7;18.06;;;;;;;;;;lm 2014;;;;
Spira;33;CHE;2012;8165;BR;856;x;lit;sil;nucléus;;;3;sommet;;;;;;H9;24.05;;;;;;;;;;lm 2014;;;;
Spira;33;CHE;2012;8166;BR;1334;x;lit;sil;éclat cortical ;;;2 / 3;sommet;;;;16;mach;H10;24.05;;;;;;;;;;lm 2014;;;;
Spira;33;CHE;2012;8167;BR;2413;x;lit;sil;lamelle;;;4;;;;;;;J / H 2;14.06;;;;;;;;;;lm 2014;;;;
Spira;33;CHE;2012;8168;BR;1820;x;lit;sil;lame corticale;;;3;base;;;;;mach;J3;1.06;;;;;;;;;;lm 2014;;;;
Spira;33;CHE;2012;8169;BR;1820;x;lit;sil;lamelle;;;3;base;;;;;mach;J3;1.06;;;;;;;;;;lm 2014;;;;
Spira;33;CHE;2012;8170;BR;1843;x;lit;sil;nucléus esquillée;;;3;sommet;;;;;mach;J3;1.06;;;;;;;;;;lm 2014;;;;
Spira;33;CHE;2012;8171;BR;1844;x;lit;sil;pointe à tronquature cassée;;;3;milieu;;;;;mach;J3;1.06;;;;;;;;;;lm 2014;;;;
Spira;33;CHE;2012;8172;BR;1845;x;lit;sil;éclat;;;3;milieu;;;;;mach;J3;1.06;;;;;;;;;;lm 2014;;;;
Spira;33;CHE;2012;8173;BR;2191;x;lit;sil;lamelle   ;;;3;base;;;;;;J3;11.06;;;;;;;;;;lm 2014;;;;
Spira;33;CHE;2012;8174;BR;1260;x;lit;sil;éclat cortical;;;3;base;;;;;;J4;30.05;;;;;;;;;;lm 2014;;;;
Spira;33;CHE;2012;8175;BR;890;x;lit;sil;racloir concave;;;3;base;;;;;;J6;24.05;;;;;;;;;;lm 2014;;;;
Spira;33;CHE;2012;8176;BR;890;x;lit;sil;lame à encoche tronquaturée;;;3;base;;;;;;J6;24.05;;;;;;;;;;lm 2014;;;;
Spira;33;CHE;2012;8177;BR;890;x;lit;sil;lame à tronquature;;;3;base;;;;;;J6;24.05;;;;;;;;;;lm 2014;;;;
Spira;33;CHE;2012;8178;BR;569;x;lit;sil;fragment lamelle;;;3;-;;;;;;J9;16.05;;;;;;;;;;lm 2014;;;;
Spira;33;CHE;2012;8179;BR;2422;x;lit;sil;pointe retouchée ?;;;3;base;;;;;;K2;25.06;;;;;;;;;;lm 2014;;;;
Spira;33;CHE;2012;8180;BR;2255;x;lit;sil;éclat retouché ?;;;3;base;;;;;;L3;13.06;;;;;;;;;;lm 2014;;;;
Spira;33;CHE;2012;8181;BR;2423;x;lit;sil;éclat;;;3;sommet;;;;;;L3;26.06;;;;;;;;;;lm 2014;;;;
Spira;33;CHE;2012;8182;BR;2423;x;lit;sil;fragment lame;;;3;sommet;;;;;;L3;26.06;;;;;;;;;;lm 2014;;;;
Spira;33;CHE;2012;8183;BR;1364;x;lit;sil;grattoir ?;;;3;base;;;;;;L4;31.05;;;;;;;;;;lm 2014;;;;
Spira;33;CHE;2012;8184;BR;1100;x;lit;sil;nucléus  ;;;3;base;;;;;;L5;29.05;;;;;;;;;;lm 2014;;;;
Spira;33;CHE;2012;8185;BR;1100;x;lit;sil;grattoir en bout de lame ?;;;3;base;;;;;;L5;29.05;;;;;;;;;;lm 2014;;;;
Spira;33;CHE;2012;8186;BR;922;x;lit;sil;fragment lamelle;;;3;-;;;;;;L6;22.05;;;;;;;;;;lm 2014;;;;
Spira;33;CHE;2012;8187;BR;2354;x;lit;sil;nucléus cortical;;;3;base;;;;;;L7;18.06;;;;;;;;;;lm 2014;;;;
Spira;33;CHE;2012;8188;BR;588;x;lit;sil;éclat cortical;;;3;-;;;;;;L9;16.05;;;;;;;;;;lm 2014;;;;
Spira;33;CHE;2012;8189;BR;274;x;lit;sil;nucléus;;;3;vrac;;;;;;L10;15.05;;;;;;;;;;lm 2014;;;;
Spira;33;CHE;2012;8190;BR;274;x;lit;sil;trapèze ?;;;3;vrac;;;;;;L10;15.05;;;;;;;;;;lm 2014;;;;
Spira;33;CHE;2012;8191;BR;2228;x;lit;sil;fragment lame corticale;;;3;base;;;;;;M3;14.06;;;;;;;;;;lm 2014;;;;
Spira;33;CHE;2012;8192;BR;2228;x;lit;sil;fragment lame ?;;;3;base;;;;;;M3;14.06;;;;;;;;;;lm 2014;;;;
Spira;33;CHE;2012;8193;BR;1113;x;lit;sil;éclat cortical;;;3;base;;;;;;M5;29.05;;;;;;;;;;lm 2014;;;;
Spira;33;CHE;2012;8194;BR;1113;x;lit;sil;lamelle;;;3;base;;;;;;M5;29.05;;;;;;;;;;lm 2014;;;;
Spira;33;CHE;2012;8195;BR;2360;x;lit;sil;écalt retouché (grattoir ?);;;3;base;;;;;;M7;19.06;;;;;;;;;;lm 2014;;;;
Spira;33;CHE;2012;8196;BR;2371;x;lit;sil;pointe de flèche à ailette, bord denticulé;;;3;base;;;;;;N6;19.06;;Neo-F;;;;;;;;lm 2014;;;;
Spira;33;CHE;2012;8197;BR;2926;x;lit;sil;racloir mésol. ?;;;3;;;;;;;P2;03.09;;;;;;;;;;lm 2014;;;;
Spira;33;CHE;2012;8198;BR;2840;x;lit;sil;éclat retouché ?;;;3;base;;;;;;V7;30.08;;;;;;;;;;lm 2014;;;;
Spira;33;CHE;2012;8199;BR;2841;x;lit;sil;éclat;;;3;base;;;;;;V7;30.08;;;;;;;;;;lm 2014;;;;
Spira;33;CHE;2012;8200;BR;2841;x;lit;sil;éclat;;;3;base;;;;;;V7;30.08;;;;;;;;;;lm 2014;;;;
Spira;33;CHE;2012;8201;BR;2841;x;lit;sil;fragment lamelle retouché;;;3;base;;;;;;V7;30.08;;;;;;;;;;lm 2014;;;;
Spira;33;CHE;2012;8202;BR;2842;x;lit;sil;lame retouchée;;;3;;;;;;;V7;31.08;;;;;;;;;;lm 2014;;;;
Spira;33;CHE;2012;8203;BR;2843;x;lit;sil;éclat retouché ?;;;4;sommet;;;;;;V7;31.08;;;;;;;;;;lm 2014;;;;
Spira;33;CHE;2012;8204;BR;2844;x;lit;sil;nucléus cortical esquillé;;;4;sommet;;;;;;V7;31.08;;;;;;;;;;lm 2014;;;;
Spira;33;CHE;2012;8205;BR;2845;x;lit;sil;micro éclat;;;4;sommet;;;;;;V7;31.08;;;;;;;;;;lm 2014;;;;
Spira;33;CHE;2012;8206;BR;2846;x;lit;sil;micro éclat;;;4;sommet;;;;;;V7;31.08;;;;;;;;;;lm 2014;;;;
Spira;33;CHE;2012;8207;BR;2847;x;lit;sil;éclat cortical retouché?;;;2.4 / 3;;;;;;;W7;29.08;;;;;;;;;;lm 2014;;;;
Spira;33;CHE;2012;8208;BR;2848;x;lit;sil;fragment de lame;;;2.4 / 3;;;;;;;W7;29.08;;;;;;;;;;lm 2014;;;;
Spira;33;CHE;2012;8209;BR;2849;x;lit;sil;éclat cortical  ;;;2.4 / 3;;;;;;;W7;29.08;;;;;;;;;;lm 2014;;;;
Spira;33;CHE;2012;8210;BR;2850;x;lit;sil;nucléus;;;3;;;;;;;W7;29.08;;;;;;;;;;lm 2014;;;;
Spira;33;CHE;2012;8211;BR;2851;x;lit;sil;pointe corticale à tronquature;;;3;;;;;;;W7;29.08;;;;;;;;;;lm 2014;;;;
Spira;33;CHE;2012;8212;BR;2852;x;lit;sil;éclat;;;3;;;;;;;W7;29.08;;;;;;;;;;lm 2014;;;;
Spira;33;CHE;2012;8213;BR;2853;x;lit;sil;éclat;;;3;base;;;;;;W7;29.08;;;;;;;;;;lm 2014;;;;
Spira;33;CHE;2012;8214;BR;2854;x;lit;sil;lame à encoches;;;3;base;;;;;;W7;29.08;;;;;;;;;;lm 2014;;;;
Spira;33;CHE;2012;8215;BR;2856;x;lit;sil;nucléus cortical ;;;3;base;;;;;;W7;29.08;;;;;;;;;;lm 2014;;;;
Spira;33;CHE;2012;8216;BR;2855;x;lit;sil;grattoir cortical ;;;3;base;;;;;;W7;29.08;;;;;;;;;;lm 2014;;;;
Spira;33;CHE;2012;8217;BR;2857;x;lit;sil;nucléus cortical;;;3;base;;;;;;W7;29.08;;;;;;;;;;lm 2014;;;;
Spira;33;CHE;2012;8218;BR;2858;x;lit;sil;chaille;;;3;base;;;;;;W7;29.08;;;;;;;;;;lm 2014;;;;
Spira;33;CHE;2012;8219;BR;2859;x;lit;sil;éclat;;;3;base;;;;;;W7;29.08;;;;;;;;;;lm 2014;;;;
Spira;33;CHE;2012;8220;BR;2860;x;lit;sil;esquille;;;3;base;;;;;;W7;29.08;;;;;;;;;;lm 2014;;;;
Spira;33;CHE;2012;8221;BR;2861;x;lit;sil;esquille;;;3;base;;;;;;W7;29.08;;;;;;;;;;lm 2014;;;;
Spira;33;CHE;2012;8222;BR;2862;x;lit;sil;éclat;;;4;;;;;;;W7;30.08;;;;;;;;;;lm 2014;;;;
Spira;33;CHE;2012;8223;BR;2862;x;lit;sil;éclat;;;4;;;;;;;W7;30.08;;;;;;;;;;lm 2014;;;;
Spira;33;CHE;2012;8224;BR;2862;x;lit;sil;éclat;;;4;;;;;;;W7;30.08;;;;;;;;;;lm 2014;;;;
Spira;33;CHE;2012;8225;BR;2862;x;lit;sil;lamelle;;;4;;;;;;;W7;30.08;;;;;;;;;;lm 2014;;;;
Spira;33;CHE;2012;8226;BR;2863;x;lit;sil;grattoir en bout de lame;;;4;sommet;;;;;;W8;24.08;;;;;;;;;;lm 2014;;;;
Spira;33;CHE;2012;8227;BR;2864;x;lit;sil;pointe  ;;;3;base;;;;;;W8;24.08;;;;;;;;;;lm 2014;;;;
Spira;33;CHE;2012;8228;BR;2864;x;lit;sil;éclat cortical;;;3;base;;;;;;W8;24.08;;;;;;;;;;lm 2014;;;;
Spira;33;CHE;2012;8229;BR;3521;x;lit;sil;éclat cortical ;;;4;sommet;;;;;;W8;24.10;;;;;;;;;;lm 2014;;;;
Spira;33;CHE;2012;8230;BR;3545;x;lit;sil;éclat  ;;;4;sommet;;;;;;W9;24.10;;;;;;;;;;lm 2014;;;;
Spira;33;CHE;2012;8231;BR;3545;x;lit;sil;fragment lamelle;;;4;sommet;;;;;;W9;24.10;;;;;;;;;;lm 2014;;;;
Spira;33;CHE;2012;8232;BR;3545;x;lit;sil;fragment lame  ;;;4;sommet;;;;;;W9;24.10;;;;;;;;;;lm 2014;;;;
Spira;33;CHE;2012;8233;BR;3545;x;lit;sil;fragment lamelle;;;4;sommet;;;;;;W9;24.10;;;;;;;;;;lm 2014;;;;
Spira;33;CHE;2012;8234;BR;3546;x;lit;sil;lame retouchée à encoche§;;;4;sommet;;;;;;W9;24.10;;;;;;;;;;lm 2014;;;;
Spira;33;CHE;2012;8235;BR;2865;x;lit;sil;éclat cortical;;;3;base;;;;;;X7;29.08;;;;;;;;;;lm 2014;;;;
Spira;33;CHE;2012;8236;BR;2865;x;lit;sil;fragment lame ;;;3;base;;;;;;X7;29.08;;;;;;;;;;lm 2014;;;;
Spira;33;CHE;2012;8237;BR;2866;x;lit;sil;éclat cortical;;;3;;;;;;;X7;28.08;;;;;;;;;;lm 2014;;;;
Spira;33;CHE;2012;8238;BR;2866;x;lit;sil;éclat cortical;;;3;;;;;;;X7;28.08;;;;;;;;;;lm 2014;;;;
Spira;33;CHE;2012;8239;BR;2868;x;lit;sil;éclat;;;2.4 / 3;;;;;;;X7;28.08;;;;;;;;;;lm 2014;;;;
Spira;33;CHE;2012;8240;BR;3454;x;lit;sil;éclat à encoche;;;3;sommet;;;;;;X7;20.09;;;;;;;;;;;;;;
Spira;33;CHE;2012;8241;BR;3454;x;lit;sil;éclat;;;3;sommet;;;;;;X7;20.09;;;;;;;;;;;;;;
Spira;33;CHE;2012;8242;BR;3458;x;lit;sil;couteau à dos;;;3;base;;;;;;X7;24.09;;;;;;;;;;;;;;
Spira;33;CHE;2012;8243;BR;3459;x;lit;sil;éclat;;;3;base;;;;;;X7;25.09;;;;;;;;;;;;;;
Spira;33;CHE;2012;8244;BR;3460;x;lit;sil;éclat cortical à encoche;;;4;sommet;;;;;;X7;27.09;;;;;;;;;;;;;;
Spira;33;CHE;2012;8245;BR;3539;x;lit;sil;nucléus;;;4;sommet;;;;;;X7;24.10;;;;;;;;;;lm 2014;;;;
Spira;33;CHE;2012;8246;BR;3539;x;lit;sil;nucléus;;;4;sommet;;;;;;X7;24.10;;;;;;;;;;lm 2014;;;;
Spira;33;CHE;2012;8247;BR;3539;x;lit;sil;lame corticale;;;4;sommet;;;;;;X7;24.10;;;;;;;;;;lm 2014;;;;
Spira;33;CHE;2012;8248;BR;3539;x;lit;sil;fragment de lame;;;4;sommet;;;;;;X7;24.10;;;;;;;;;;lm 2014;;;;
Spira;33;CHE;2012;8249;BR;3539;x;lit;sil;éclat;;;4;sommet;;;;;;X7;24.10;;;;;;;;;;lm 2014;;;;
Spira;33;CHE;2012;8250;BR;3540;x;lit;sil;nucléus;;;4;;;;;;;X7;24.10;;;;;;;;;;lm 2014;;;;
Spira;33;CHE;2012;8251;BR;3541;x;lit;sil;grattoir;;;4;;;;;;;Y7;24.10;;;;;;;;;;lm 2014;;;;
Spira;33;CHE;2012;8252;BR;3541;x;lit;sil;triange;;;4;;;;;;;Y7;24.10;;;;;;;;;;lm 2014;;;;
Spira;33;CHE;2012;8253;BR;3541;x;lit;sil;trapèze;;;4;;;;;;;Y7;24.10;;;;;;;;;;lm 2014;;;;
Spira;33;CHE;2012;8254;BR;2867;x;lit;sil;lame;;;3;base;;;;;;X8;24.08;;;;;;;;;;lm 2014;;;;
Spira;33;CHE;2012;8255;BR;2869;x;lit;sil;nucléus esquillé;;;4;sommet;;;;;;X8;27.08;;;;;;;;;;lm 2014;;;;
Spira;33;CHE;2012;8256;BR;3479;x;lit;sil;éclat cortical;;;3;;;;;;;X8;02.10;;;;;;;;;;lm 2014;;;;
Spira;33;CHE;2012;8257;BR;3479;x;lit;sil;éclat cortical;;;3;;;;;;;X8;02.10;;;;;;;;;;lm 2014;;;;
Spira;33;CHE;2012;8258;BR;3479;x;lit;sil;fragment de lamelle;;;3;;;;;;;X8;02.10;;;;;;;;;;lm 2014;;;;
Spira;33;CHE;2012;8259;BR;3479;x;lit;sil;esquille;;;3;;;;;;;X8;02.10;;;;;;;;;;lm 2014;;;;
Spira;33;CHE;2012;8260;BR;2870;x;lit;sil;éclat cortical;;;4;sommet;;;;;;X9;27.08;;;;;;;;;;lm 2014;;;;
Spira;33;CHE;2012;8261;BR;3543;x;lit;sil;lamelle;;;4;sommet;;;;;;X9;23.10;;;;;;;;;;lm 2014;;;;
Spira;33;CHE;2012;8262;BR;2780;x;lit;sil;éclat cortical;;;4;;;;;;;Z8;21.08;;;;;;;;;;lm 2014;;;;
Spira;33;CHE;2012;8263;BR;3707;x;lit;sil;éclat;;;3;sommet;;;;;;Y6;14.11;;;;;;;;;;lm 2014;;;;
Spira;33;CHE;2012;8264;BR;2871;x;lit;sil;éclat cortical;;;2.4 / 3;;;;;;;Y7;27.08;;;;;;;;;;lm 2014;;;;
Spira;33;CHE;2012;8265;BR;2871;x;lit;sil;éclat (chaille?);;;2.4 / 3;;;;;;;Y7;27.08;;;;;;;;;;lm 2014;;;;
Spira;33;CHE;2012;8266;BR;2872;x;lit;sil;éclat cortical;;;3;;;;;;;Y7;27.08;;;;;;;;;;lm 2014;;;;
Spira;33;CHE;2012;8267;BR;2872;x;lit;sil;écalt cortical;;;3;;;;;;;Y7;27.08;;;;;;;;;;lm 2014;;;;
Spira;33;CHE;2012;8268;BR;2872;x;lit;sil;lamelle à encoches;;;3;;;;;;;Y7;27.08;;;;;;;;;;lm 2014;;;;
Spira;33;CHE;2012;8269;BR;2873;x;lit;sil;lame corticale;;;3;base;;;;;;Y7;27.08;;;;;;;;;;lm 2014;;;;
Spira;33;CHE;2012;8270;BR;2873;x;lit;sil;lamelle corticale;;;3;base;;;;;;Y7;27.08;;;;;;;;;;lm 2014;;;;
Spira;33;CHE;2012;8271;BR;2873;x;lit;sil;éclat cortical;;;3;base;;;;;;Y7;27.08;;;;;;;;;;lm 2014;;;;
Spira;33;CHE;2012;8272;BR;2873;x;lit;sil;grattoir en bout de lame;;;3;base;;;;;;Y7;27.08;;;;;;;;;;lm 2014;;;;
Spira;33;CHE;2012;8273;BR;2873;x;lit;sil;fragment de lamelle;;;3;base;;;;;;Y7;27.08;;;;;;;;;;lm 2014;;;;
Spira;33;CHE;2012;8274;BR;2874;x;lit;sil;nucléus cortical;;;3;base;;;;;;Y7;27.08;;;;;;;;;;lm 2014;;;;
Spira;33;CHE;2012;8275;BR;2875;x;lit;sil;lamelle;;;4;;;;;;;Y7;27.08;;;;;;;;;;lm 2014;;;;
Spira;33;CHE;2012;8276;BR;2875;x;lit;sil;lamelle;;;4;;;;;;;Y7;27.08;;;;;;;;;;lm 2014;;;;
Spira;33;CHE;2012;8277;BR;3502;x;lit;sil;éclat;;;3;base;;;;;;YX7;13.09;;;;;;;;;;lm 2014;;;;
Spira;33;CHE;2012;8278;BR;3502;x;lit;sil;éclat  à encoche;;;3;base;;;;;;YX7;13.09;;;;;;;;;;lm 2014;;;;
Spira;33;CHE;2012;8279;BR;3502;x;lit;sil;pointe à tronquature oblique;;;3;base;;;;;;YX7;13.09;;;;;;;;;;lm 2014;;;;
Spira;33;CHE;2012;8280;BR;3503;x;lit;sil;éclat cortical;;;4 ;sommet;;;;;;Y7;13.09;;;;;;;;;;lm 2014;;;;
Spira;33;CHE;2012;8281;BR;3530;x;lit;sil;chaille;;;3;;;;;;;Y7;24.10;;;;;;;;;;;;;;
Spira;33;CHE;2012;8282;BR;3531;x;lit;sil;éclat;;;3;;;;;;;Y7;24.10;;;;;;;;;;;;;;
Spira;33;CHE;2012;8283;BR;3531;x;lit;sil;éclat;;;3;;;;;;;Y7;24.10;;;;;;;;;;;;;;
Spira;33;CHE;2012;8284;BR;3531;x;lit;sil;esquille;;;3;;;;;;;Y7;24.10;;;;;;;;;;;;;;
Spira;33;CHE;2012;8285;BR;3531;x;lit;sil;esquille;;;3;;;;;;;Y7;24.10;;;;;;;;;;;;;;
Spira;33;CHE;2012;8286;BR;2876;x;lit;sil;écalt cortical;;;2.4 / 3;;;;;;;Y8;04.09;;;;;;;;;;lm 2014;;;;
Spira;33;CHE;2012;8287;BR;3472;x;lit;sil;fragment lame cortical;;;3;;;;;;;Y8;28.09;;;;;;;;;;lm 2014;;;;
Spira;33;CHE;2012;8288;BR;3484;x;lit;sil;éclat cortical;;;4;;;;;;;X8;10.10;;;;;;;;;;lm 2014;;;;
Spira;33;CHE;2012;8289;BR;3485;x;lit;sil;éclat burinant;;;3;;;;;;;Y8;10.10;;;;;;;;;;lm 2014;;;;
Spira;33;CHE;2012;8290;BR;3504;x;lit;sil;fragment lame corticale;;;4;sommet;;;;;;Y8;13.09;;;;;;;;;;lm 2014;;;;
Spira;33;CHE;2012;8291;BR;3504;x;lit;sil;fragment lamelle;;;4;sommet;;;;;;Y8;13.09;;;;;;;;;;lm 2014;;;;
Spira;33;CHE;2012;8292;BR;3536;x;lit;sil;éclat;;;3;base;;;;;;Y8;24.10;;;;;;;;;;lm 2014;;;;
Spira;33;CHE;2012;8293;BR;3536;x;lit;sil;fragment lamelle;;;3;base;;;;;;Y8;24.10;;;;;;;;;;lm 2014;;;;
Spira;33;CHE;2012;8294;BR;3537;x;lit;sil;lamelle corticale;;;4;sommet;;;;;;Y8;24.10;;;;;;;;;;lm 2014;;;;
Spira;33;CHE;2012;8295;BR;3537;x;lit;sil;éclat cortical;;;4;sommet;;;;;;Y8;24.10;;;;;;;;;;lm 2014;;;;
Spira;33;CHE;2012;8296;BR;3537;x;lit;sil;fragment lamelle;;;4;sommet;;;;;;Y8;24.10;;;;;;;;;;lm 2014;;;;
Spira;33;CHE;2012;8297;BR;3537;x;lit;sil;fragment lame à encoche?;;;4;sommet;;;;;;Y8;24.10;;;;;;;;;;lm 2014;;;;
Spira;33;CHE;2012;8298;BR;2672;x;lit;sil;lamelle;;;3;base;;;;;;Y9;20.08;;;;;;;;;;lm 2014;;;;
Spira;33;CHE;2012;8299;BR;2673;x;lit;sil;éclat cortical ;;;3;;;;;;;Y9;20.08;;;;;;;;;;lm 2014;;;;
Spira;33;CHE;2012;8300;BR;2676;x;lit;sil;éclat cortical;;;4;;;;;;;Y9;20.08;;;;;;;;;;lm 2014;;;;
Spira;33;CHE;2012;8301;BR;3481;x;lit;sil;flanc de nucléus;;;4;sommet;;;;;;Y9;03.10;;;;;;;;;;lm 2014;;;;
Spira;33;CHE;2012;8302;BR;3518;x;lit;sil;éclat ;;;4;;;;;;;Y9;16.10;;;;;;;;;;lm 2014;;;;
Spira;33;CHE;2012;8303;BR;3609;x;lit;sil;nucléus;;;3;;;;;;;Y9;07.11;;;;;;;;;;lm 2014;;;;
Spira;33;CHE;2012;8304;BR;3610;x;lit;sil;éclat cortical;;;3;;;;;;;Y9;07.11;;;;;;;;;;lm 2014;;;;
Spira;33;CHE;2012;8305;BR;3611;x;lit;sil;lame;;;3;;;;;;;Y9;07.11;;;;;;;;;;lm 2014;;;;
Spira;33;CHE;2012;8306;BR;3612;x;lit;sil;éclat;;;3;;;;;;;Y9;07.11;;;;;;;;;;lm 2014;;;;
Spira;33;CHE;2012;8307;BR;3613;x;lit;sil;éclat;;;3;;;;;;;Y9;07.11;;;;;;;;;;lm 2014;;;;
Spira;33;CHE;2012;8308;BR;3613;x;lit;sil;éclat cortical;;;3;;;;;;;Y9;07.11;;;;;;;;;;lm 2014;;;;
Spira;33;CHE;2012;8309;BR;3614;x;lit;sil;lamelle;;;3;;;;;;;Y9;07.11;;;;;;;;;;lm 2014;;;;
Spira;33;CHE;2012;8310;BR;3615;x;lit;sil;lame retouchée;;;3;;;;;;;Y9;07.11;;;;;;;;;;lm 2014;;;;
Spira;33;CHE;2012;8311;BR;3621;x;lit;sil;nucléus;;;3;base;;;;;;Y9;07.11;;;;;;;;;;lm 2014;;;;
Spira;33;CHE;2012;8312;BR;3622;x;lit;sil;lame corticale;;;3;base;;;;;;Y9;07.11;;;;;;;;;;lm 2014;;;;
Spira;33;CHE;2012;8313;BR;3623;x;lit;sil;éclat cortical;;;3;base;;;;;;Y9;07.11;;;;;;;;;;lm 2014;;;;
Spira;33;CHE;2012;8314;BR;2674;x;lit;sil;éclat;;;2.4 / 3;;;;;;;Y9;20.08;;;;;;;;;;lm 2014;;;;
Spira;33;CHE;2012;8315;BR;2675;x;lit;sil;éclat  ;;;4;sommet;;;;;;Y9;20.08;;;;;;;;;;lm 2014;;;;
Spira;33;CHE;2012;8316;BR;3624;x;lit;sil;lame corticale;;;3;base;;;;;;Y9;07.11;;;;;;;;;;lm 2014;;;;
Spira;33;CHE;2012;8317;BR;3625;x;lit;sil;pointe à tronquature ou trapèze?;;;3;base;;;;;;Y9;07.11;;;;;;;;;;lm 2014;;;;
Spira;33;CHE;2012;8318;BR;3626;x;lit;sil;grattoir cortical;;;3;base;;;;;;Y9;07.11;;;;;;;;;;lm 2014;;;;
Spira;33;CHE;2012;8319;BR;3627;x;lit;sil;éclat cortical;;;3;base;;;;;;Y9;07.11;;;;;;;;;;lm 2014;;;;
Spira;33;CHE;2012;8320;BR;3628;x;lit;sil;lamelle tronquée;;;3;base;;;;;;Y9;07.11;;;;;;;;;;lm 2014;;;;
Spira;33;CHE;2012;8321;BR;3629;x;lit;sil;fragment lamelle;;;3;base;;;;;;Y9;07.11;;;;;;;;;;lm 2014;;;;
Spira;33;CHE;2012;8322;BR;3629;x;lit;sil;éclat;;;3;base;;;;;;Y9;07.11;;;;;;;;;;lm 2014;;;;
Spira;33;CHE;2012;8323;BR;3636;x;lit;sil;éclat cortical;;;4.2;;;;;;;Y9;07.11;;;;;;;;;;lm 2014;;;;
Spira;33;CHE;2012;8324;BR;3637;x;lit;sil;éclat cortical;;;4.2;;;;;;;Y9;07.11;;;;;;;;;;lm 2014;;;;
Spira;33;CHE;2012;8325;BR;3638;x;lit;sil;éclat;;;4.2;;;;;;;Y9;07.11;;;;;;;;;;lm 2014;;;;
Spira;33;CHE;2012;8326;BR;3639;x;lit;sil;lame corticale;;;4.2;;;;;;;Y9;07.11;;;;;;;;;;lm 2014;;;;
Spira;33;CHE;2012;8327;BR;3640;x;lit;sil;fragment lamelle;;;4.2;;;;;;;Y9;07.11;;;;;;;;;;lm 2014;;;;
Spira;33;CHE;2012;8328;BR;3641;x;lit;sil;éclat cortical;;;4.2;;;;;;;Y9;07.11;;;;;;;;;;lm 2014;;;;
Spira;33;CHE;2012;8329;BR;3642;x;lit;sil;fragment lamelle;;;4.2;;;;;;;Y9;07.11;;;;;;;;;;lm 2014;;;;
Spira;33;CHE;2012;8330;BR;3643;x;lit;sil;éclat cortical;;;4.2;;;;;;;Y9;07.11;;;;;;;;;;lm 2014;;;;
Spira;33;CHE;2012;8331;BR;3644;x;lit;sil;lamelle;;;4.2;;;;;;;Y9;07.11;;;;;;;;;;lm 2014;;;;
Spira;33;CHE;2012;8332;BR;2659;x;lit;sil;éclat cortical;;;4;;;;;;;Y10;17.08;;;;;;;;;;lm 2014;;;;
Spira;33;CHE;2012;8333;BR;2660;x;lit;sil;éclat cortical;;;4;;;;;;;Y10;17.08;;;;;;;;;;lm 2014;;;;
Spira;33;CHE;2012;8334;BR;2660;x;lit;sil;éclat cortical;;;4;;;;;;;Y10;17.08;;;;;;;;;;lm 2014;;;;
Spira;33;CHE;2012;8335;BR;2660;x;lit;sil;esquille;;;4;;;;;;;Y10;17.08;;;;;;;;;;lm 2014;;;;
Spira;33;CHE;2012;8336;BR;2661;x;lit;sil;lamelle;;;4;;;;;;;Y10;17.08;;;;;;;;;;lm 2014;;;;
Spira;33;CHE;2012;8337;BR;2662;x;lit;sil;éclat;;;4;;;;;;;Y10;17.08;;;;;;;;;;lm 2014;;;;
Spira;33;CHE;2012;8338;BR;2763;x;lit;sil;nucléus;;;4;;;;;;;Y10;20.08;;;;;;;;;;lm 2014;;;;
Spira;33;CHE;2012;8339;BR;2763;x;lit;sil;esquille;;;4;;;;;;;Y10;;;;;;;;;;;lm 2014;;;;
Spira;33;CHE;2012;8340;BR;2764;x;lit;sil;éclat;;;4;;;;;;;Y10;20.08;;;;;;;;;;lm 2014;;;;
Spira;33;CHE;2012;8341;BR;2598;x;lit;sil;nucléus;;;4;;;;;;;Y11;16.08;;;;;;;;;;lm 2014;;;;
Spira;33;CHE;2012;8342;BR;2599;x;lit;sil;nucléus esquillée;;;4;;;;;;;Y11;16.08;;;;;;;;;;lm 2014;;;;
Spira;33;CHE;2012;8343;BR;2600;x;lit;sil;éclat cortical;;;4;;;;;;;Y11;16.08;;;;;;;;;;lm 2014;;;;
Spira;33;CHE;2012;8344;BR;2600;x;lit;sil;éclat retouché ?;;;4;;;;;;;Y11;;;;;;;;;;;lm 2014;;;;
Spira;33;CHE;2012;8345;BR;2600;x;lit;sil;éclat;;;4;;;;;;;Y11;;;;;;;;;;;lm 2014;;;;
Spira;33;CHE;2012;8346;BR;2600;x;lit;sil;lamelle;;;4;;;;;;;Y11;;;;;;;;;;;lm 2014;;;;
Spira;33;CHE;2012;8347;BR;2601;x;lit;sil;flanc de nucléus;;;3;;;;;;;Y11;16.08;;;;;;;;;;lm 2014;;;;
Spira;33;CHE;2012;8348;BR;2601;x;lit;sil;éclat;;;3;;;;;;;Y11;;;;;;;;;;;lm 2014;;;;
Spira;33;CHE;2012;8349;BR;3582;x;lit;sil;éclat cortical;;;3;base;;;;;;YZ6-7;06.11;;;;;;;;;;lm 2014;;;;
Spira;33;CHE;2012;8350;BR;3584;x;lit;sil;nucléus;;;4;sommet;;;;;;YZ6-7;06.11;;;;;;;;;;lm 2014;;;;
Spira;33;CHE;2012;8351;BR;3585;x;lit;sil;chaille;;;4;sommet;;;;;;YZ6-7;06.11;;;;;;;;;;lm 2014;;;;
Spira;33;CHE;2012;8352;BR;3586;x;lit;sil;nucléus;;;4;sommet;;;;;;YZ6-7;06.11;;;;;;;;;;lm 2014;;;;
Spira;33;CHE;2012;8353;BR;3587;x;lit;sil;nucléus;;;4;sommet;;;;;;YZ6-7;06.11;;;;;;;;;;lm 2014;;;;
Spira;33;CHE;2012;8354;BR;3588;x;lit;sil;éclat cortical;;;4;sommet;;;;;;YZ6-7;06.11;;;;;;;;;;lm 2014;;;;
Spira;33;CHE;2012;8355;BR;3589;x;lit;sil;pointe à tronquature oblique;;;4;sommet;;;;;;YZ6-7;06.11;;;;;;;;;;lm 2014;;;;
Spira;33;CHE;2012;8356;BR;3590;x;lit;sil;éclat;;;4;sommet;;;;;;YZ6-7;06.11;;;;;;;;;;lm 2014;;;;
Spira;33;CHE;2012;8357;BR;3591;x;lit;sil;fragment lame;;;4;sommet;;;;;;YZ6-7;06.11;;;;;;;;;;lm 2014;;;;
Spira;33;CHE;2012;8358;BR;3592;x;lit;sil;éclat;;;4;sommet;;;;;;YZ6-7;06.11;;;;;;;;;;lm 2014;;;;
Spira;33;CHE;2012;8359;BR;3593;x;lit;sil;lamelle corticale;;;4;sommet;;;;;;YZ6-7;06.11;;;;;;;;;;lm 2014;;;;
Spira;33;CHE;2012;8360;BR;3594;x;lit;sil;éclat cortical;;;4;sommet;;;;;;YZ6-7;06.11;;;;;;;;;;lm 2014;;;;
Spira;33;CHE;2012;8361;BR;3595;x;lit;sil;fragment lamelle;;;4;sommet;;;;;;YZ6-7;06.11;;;;;;;;;;lm 2014;;;;
Spira;33;CHE;2012;8362;BR;3596;x;lit;sil;fragment lame;;;4;sommet;;;;;;YZ6-7;06.11;;;;;;;;;;lm 2014;;;;
Spira;33;CHE;2012;8363;BR;3597;x;lit;sil;lamelle;;;4;sommet;;;;;;YZ6-7;06.11;;;;;;;;;;lm 2014;;;;
Spira;33;CHE;2012;8364;BR;3598;x;lit;sil;lamelle;;;4.2;;;;;;;YZ6-7;07.11;;;;;;;;;;lm 2014;;;;
Spira;33;CHE;2012;8365;BR;3634;x;lit;sil;fragment lamelle;;;3;;;;;;;Y9;06.11;;;;;;;;;;lm 2014;;;;
Spira;33;CHE;2012;8366;BR;3635;x;lit;sil;éclat;;;3;;;;;;;Y9;06.11;;;;;;;;;;lm 2014;;;;
Spira;33;CHE;2012;8367;BR;3731;x;lit;sil;éclat;;;4;;;;;;;Z6;21.11;;;;;;;;;;lm 2014;;;;
Spira;33;CHE;2012;8368;BR;3732;x;lit;sil;éclat cortical;;;3;;;;;;;Z6;21.11;;;;;;;;;;lm 2014;;;;
Spira;33;CHE;2012;8369;BR;3732;x;lit;sil;pointe à tronquature oblique;;;3;;;;;;;Z6;21.11;;;;;;;;;;lm 2014;;;;
Spira;33;CHE;2012;8370;BR;3732;x;lit;sil;éclat;;;3;;;;;;;Z6;21.11;;;;;;;;;;lm 2014;;;;
Spira;33;CHE;2012;8371;BR;3714;x;lit;sil;lamelle;;;4;sommet;;;;;;Z7;19.11;;;;;;;;;;lm 2014;;;;
Spira;33;CHE;2012;8372;BR;3714;x;lit;sil;éclat;;;4;sommet;;;;;;Z7;19.11;;;;;;;;;;lm 2014;;;;
Spira;33;CHE;2012;8373;BR;3714;x;lit;sil;éclat;;;4;sommet;;;;;;Z7;19.11;;;;;;;;;;lm 2014;;;;
Spira;33;CHE;2012;8374;BR;3716;x;lit;sil;nucléus;;;4;;;;;;;Z7;19.11;;;;;;;;;;lm 2014;;;;
Spira;33;CHE;2012;8375;BR;2772;x;lit;sil;grattoir unguiforme;;;3;;;;;;;Z8;21.08;;;;;;;;;;lm 2014;;;;
Spira;33;CHE;2012;8376;BR;2773;x;lit;sil;éclat;;;3;;;;;;;Z8;21.08;;;;;;;;;;lm 2014;;;;
Spira;33;CHE;2012;8377;BR;2774;x;lit;sil;nucléus;;;3;;;;;;;Z8;21.08;;;;;;;;;;lm 2014;;;;
Spira;33;CHE;2012;8378;BR;2775;x;lit;sil;fnucléus;;;3;;;;;;;Z8;21.08;;;;;;;;;;lm 2014;;;;
Spira;33;CHE;2012;8379;BR;2776;x;lit;sil;grattoir unguiforme?;;;3;;;;;;;Z8;21.08;;;;;;;;;;lm 2014;;;;
Spira;33;CHE;2012;8380;BR;2777;x;lit;sil;éclat cortical;;;4;;;;;;;Z8;21.08;;;;;;;;;;lm 2014;;;;
Spira;33;CHE;2012;8381;BR;2778;x;lit;sil;lamelle corticale;;;4;;;;;;;Z8;21.08;;;;;;;;;;lm 2014;;;;
Spira;33;CHE;2012;8382;BR;2779;x;lit;sil;lame corticale;;;4;;;;;;;Z8;21.08;;;;;;;;;;lm 2014;;;;
Spira;33;CHE;2012;8383;BR;2828;x;lit;sil;éclat cortical;;;3;base;;;;;;Z8;21.08;;;;;;;;;;lm 2014;;;;
Spira;33;CHE;2012;8384;BR;3712;x;lit;sil;éclat cortical;;;3;base;;;;;;Z8;19.11;;;;;;;;;;lm 2014;;;;
Spira;33;CHE;2012;8385;BR;3715;x;lit;sil;nucléus ;;;4;sommet;;;;;;Z8-9;19.11;;;;;;;;;;lm 2014;;;;
Spira;33;CHE;2012;8386;BR;3715;x;lit;sil;éclat cortical;;;4;sommet;;;;;;Z8-9;19.11;;;;;;;;;;lm 2014;;;;
Spira;33;CHE;2012;8387;BR;2577;x;lit;sil;éclat cortical;;;3;;;;;;;Z9;14.08;;;;;;;;;;lm 2014;;;;
Spira;33;CHE;2012;8388;BR;2577;x;lit;sil;fragment lamelle;;;3;;;;;;;Z9;14.08;;;;;;;;;;lm 2014;;;;
Spira;33;CHE;2012;8389;BR;2602;x;lit;sil;lame ;;;3;base;;;;;;Z9;14.08;;;;;;;;;;lm 2014;;;;
Spira;33;CHE;2012;8390;BR;2602;x;lit;sil;lamelle corticale;;;3;base;;;;;;Z9;14.08;;;;;;;;;;lm 2014;;;;
Spira;33;CHE;2012;8391;BR;2603;x;lit;sil;éclat cortical retouché ;;;3;base;;;;;;Z9;14.08;;;;;;;;;;lm 2014;;;;
Spira;33;CHE;2012;8392;BR;2604;x;lit;sil;lame retouchée;;;3;sommet;;;;;;Z9;14.08;;;;;;;;;;lm 2014;;;;
Spira;33;CHE;2012;8393;BR;2605;x;lit;sil;lamelle corticale;;;4;;;;;;;Z9;14.08;;;;;;;;;;lm 2014;;;;
Spira;33;CHE;2012;8394;BR;2606;x;lit;sil;lamelle corticale;;;4;;;;;;;Z9;14.08;;;;;;;;;;lm 2014;;;;
Spira;33;CHE;2012;8395;BR;2607;x;lit;sil;lame retouchée;;;4;;;;;;;Z9;14.08;;;;;;;;;;lm 2014;;;;
Spira;33;CHE;2012;8396;BR;2765;x;lit;sil;fragment lame;;;4;;;;;;;Z9;20.08;;;;;;;;;;lm 2014;;;;
Spira;33;CHE;2012;8397;BR;3713;x;lit;sil;lamelle;;;4;sommet;;;;;;Z9;19.11;;;;;;;;;;lm 2014;;;;
Spira;33;CHE;2012;8398;BR;3713;x;lit;sil;lame à encoche;;;4;sommet;;;;;;Z9;19.11;;;;;;;;;;lm 2014;;;;
Spira;33;CHE;2012;8399;BR;3713;x;lit;sil;lame retouchée?;;;4;sommet;;;;;;Z9;19.11;;;;;;;;;;lm 2014;;;;
Spira;33;CHE;2012;8400;BR;2462;x;lit;sil;éclat;;;3;base;;;;;;Z10;13.08;;;;;;;;;;lm 2014;;;;
Spira;33;CHE;2012;8401;BR;2462;x;lit;sil;éclat;;;3;base;;;;;;Z10;13.08;;;;;;;;;;lm 2014;;;;
Spira;33;CHE;2012;8402;BR;2463;x;lit;sil;lame corticale;;;4;sommet;;;;;;Z10;13.08;;;;;;;;;;lm 2014;;;;
Spira;33;CHE;2012;8403;BR;2463;x;lit;sil;fragment lame retouchée;;;4;sommet;;;;;;Z10;13.08;;;;;;;;;;lm 2014;;;;
Spira;33;CHE;2012;8404;BR;2464;x;lit;sil;nucléus;;;3;base;;;;;;Z10;13.08;;;;;;;;;;lm 2014;;;;
Spira;33;CHE;2012;8405;BR;2465;x;lit;sil;grattoir cortical unguiforme;;;4;sommet;;;;;;Z10;13.08;;;;;;;;;;lm 2014;;;;
Spira;33;CHE;2012;8406;BR;56;x;lit;sil;nucléus  ;;;3 ?;préparation coupe;;;;2A';;;23.05;;;;;;;;;;lm 2014;;;;
Spira;33;CHE;2012;8407;BR;56;x;lit;sil;lamelle retouchée?;;;3 ?;préparation coupe;;;;2A';;;23.05;;;;;;;;;;lm 2014;;;;
Spira;33;CHE;2012;8408;BR;7;x;lit;sil;fragment lamelle;;;;;;;;3;Sud, nettoy.;;14.05;;;;;;;;;;lm 2014;;;;
Spira;33;CHE;2012;8409;BR;11;x;lit;sil;éclat;;;3;base ;;;;3;1/4 N-E;;15.05;;;;;;;;;;lm 2014;;;;
Spira;33;CHE;2012;8410;BR;26;x;lit;sil;esquille;;;3 / 4;;;;;3;Quart N-E;;15.05;;;;;;;;;;lm 2014;;;;
Spira;33;CHE;2012;8411;BR;26;x;lit;sil;micro lamelle;;;3 / 4;;;;;3;Quart N-E;;15.05;;;;;;;;;;lm 2014;;;;
Spira;33;CHE;2012;8412;BR;2;x;lit;sil;éclat;;;;;;;;10;0;G6;;;;;;;;;;;lm 2014;;;;
Spira;33;CHE;2012;8413;BR;7;x;lit;sil;éclat;;;3;détournage (dég. en vue plâtrage);;;;10;;G6;5.06;;;;;;;;;;lm 2014;;;;
Spira;33;CHE;2012;8414;BR;3;x;lit;sil;éclat;;;;;;;;16;manuel;H10;18.06;;;;;;;;;;lm 2014;;;;
Spira;33;CHE;2012;8415;BR;3;x;lit;sil;éclat;;;;;;;;16;manuel;H10;18.06;;;;;;;;;;lm 2014;;;;
Spira;33;CHE;2012;8418;BR;19;x;lit;sil;lamelle corticale;;;;sur empierrement;;;;60;man;C10;29.05;;;;;;;;;;lm 2014;;;;
Spira;33;CHE;2012;8419;BR;51;x;lit;sil;grattoir cortical;;;3;sous empierrement;;;;60;mach;C8;;;;;;;;;;;lm 2014;;;;
Spira;33;CHE;2012;8420;BR;7;x;lit;sil;éclat cortical (grattoir?);;;;;;;;62;vid. fosse N-W;D10;31.05;;;;;;;;;;lm 2014;;;;
Spira;33;CHE;2012;8421;BR;19;x;lit;sil;éclat cortical (pointe?);;;3 / 4;;;;;62;vid. fosse N-E;D10;4.06;;;;;;;;;;lm 2014;;;;
Spira;33;CHE;2012;8422;BR;14;x;lit;sil;éclat;;;3 / 4;préparation coupe N;;;;74;;;24.05;;;;;;;;;;lm 2014;;;;
Spira;33;CHE;2012;8423;BR;6;x;lit;sil;éclat cortical   ;;;3;;;;;75;man pour cpe;H10;18.06;;;;;;;;;;lm 2014;;;;
Spira;33;CHE;2012;8424;BR;2;x;lit;sil;éclat cortical retouché (grattoir?);;;3;base encaissant;;;;81;;K6;22.06;;;;;;;;;;lm 2014;;;;
Spira;33;CHE;2012;8425;BR;5;x;lit;sil;grattoir cortical ;;;R1;;;;;81;2, 1/4 SW;K6;22.06;;;;;;;;;;lm 2014;;;;
Spira;33;CHE;2012;8426;BR;56;x;lit;sil;fragment lamelle;;;R1;;;;;81;4, 1/4 SE;K6;28.06;;;;;;;;;;lm 2014;;;;
Spira;33;CHE;2012;8427;BR;1;x;lit;sil;lame cortical;;;4;;;;;94;;E6;1.06;;;;;;;;;;lm 2014;;;;
Spira;33;CHE;2012;8428;BR;2;x;lit;sil;pointe corticale ?;;;4;;;;;94;;E6;1.06;;;;;;;;;;lm 2014;;;;
Spira;33;CHE;2012;8429;BR;3;x;lit;sil;lame  ;;;4;;;;;94;;E6;1.06;;;;;;;;;;lm 2014;;;;
Spira;33;CHE;2012;8430;BR;3;x;lit;sil;éclat cortical;;;;;;;;96;vid;J4;20.06;;;;;;;;;;lm 2014;;;;
Spira;33;CHE;2012;8431;BR;3;x;lit;sil;1 nucléus;;;4;;;;;106;;E3;1.06;;;;;;;;;;lm 2014;;;;
Spira;33;CHE;2012;8432;BR;1;x;lit;sil;trapèze ;;;4;;;;;100;;E4;1.06;;;;;;;;;;lm 2014;;;;
Spira;33;CHE;2012;8433;BR;11;x;lit;sil;lame retouchée ?;;;R1;coupe B' A';;;;110;;F6;14.06;;;;;;;;;;lm 2014;;;;
Spira;33;CHE;2012;8434;BR;2;x;lit;sil;grattoir en bout de lame;;;4 ?;;;;;129;vid;F5;13.06;;;;;;;;;;lm 2014;;;;
Spira;33;CHE;2012;8435;BR;5;x;lit;sil;éclat;;;;encaissant;;;;135;;G3;14.06;;;;;;;;;;lm 2014;;;;
Spira;33;CHE;2012;8436;BR;3;x;lit;sil;éclat;;;4.1;sommet;;;;139;coupe;HE;19.06;;;;;;;;;;lm 2014;;;;
Spira;33;CHE;2012;8437;BR;9;x;lit;sil;éclat;;;;;;;;148;1 ouest;K3;26.06;;;;;;;;;;lm 2014;;;;
Spira;33;CHE;2012;8438;BR;5;x;lit;sil;éclat (burin?);;;;;;;;160b;;L2;29.06;;;;;;;;;;lm 2014;;;;
Spira;33;CHE;2012;8439;BR;11;x;lit;sil;éclat cortical;;;;;;;;160b;vid N;L2;3.07;;;;;;;;;;lm 2014;;;;
Spira;33;CHE;2012;8440;BR;1;x;lit;sil;grattoir cortical  ?;;;;encaissant;;;;178;;G7;19.06;;;;;;;;;;lm 2014;;;;
Spira;33;CHE;2012;8441;BR;1;x;lit;sil;rognon testé;;;;;;;;189;;L7;21.06;;;;;;;;;;;;;;
Spira;33;CHE;2012;8442;BR;2;x;lit;sil;nucléus;;;;;;;;189;;L7;21.06;;;;;;;;;;;;;;
Spira;33;CHE;2012;8443;BR;3;x;lit;sil;rognon testé;;;;;;;;189;;L7;21.06;;;;;;;;;;;;;;
Spira;33;CHE;2012;8444;BR;4;x;lit;sil;flan de nucléus;;;;;;;;189;;L7;21.06;;;;;;;;;;;;;;
Spira;33;CHE;2012;8445;BR;5;x;lit;sil;nucléus;;;;;;;;189;;L7;21.06;;;;;;;;;;;;;;
Spira;33;CHE;2012;8446;BR;6;x;lit;sil;nucléus;;;;;;;;189;;L7;21.06;;;;;;;;;;;;;;
Spira;33;CHE;2012;8447;BR;7;x;lit;sil;nucléus;;;;;;;;189;;L7;21.06;;;;;;;;;;;;;;
Spira;33;CHE;2012;8448;BR;8;x;lit;sil;nucléus;;;;;;;;189;;L7;21.06;;;;;;;;;;;;;;
Spira;33;CHE;2012;8449;BR;9;x;lit;sil;nucléus;;;;;;;;189;;L7;21.06;;;;;;;;;;;;;;
Spira;33;CHE;2012;8450;BR;10;x;lit;sil;nucléus;;;;;;;;189;;L7;21.06;;;;;;;;;;;;;;
Spira;33;CHE;2012;8451;BR;11;x;lit;sil;nucléus;;;;;;;;189;;L7;21.06;;;;;;;;;;;;;;
Spira;33;CHE;2012;8452;BR;2;x;lit;sil;lame à tronquature retouchée?;;;R2;;;;;195;;G7;21.06;;;;;;;;;;lm 2014;;;;
Spira;33;CHE;2012;8453;BR;7;x;lit;sil;éclat cortical;;;;;;;;202;surface;X9;22.10;;;;;;;;;;lm 2014;;;;
Spira;33;CHE;2012;8454;BR;7;x;lit;sil;éclat;;;;;;;;202;surface;X9;22.10;;;;;;;;;;lm 2014;;;;
Spira;33;CHE;2012;8455;BR;7;x;lit;sil;esquille;;;;;;;;202;surface;X9;22.10;;;;;;;;;;lm 2014;;;;
Spira;33;CHE;2012;8456;BR;13;x;lit;sil;lame ;;;2.4;;;;;202;;X9;25.10;;;;;;;;;;lm 2014;;;;
Spira;33;CHE;2012;8457;BR;13;x;lit;sil;éclat;;;2.4;;;;;202;;X9;25.10;;;;;;;;;;lm 2014;;;;
Spira;33;CHE;2012;8458;BR;17;x;lit;sil;fragment lamelle corticale;;;3;;;;;202;;X9;29.10;;;;;;;;;;lm 2014;;;;
Spira;33;CHE;2012;8459;BR;6;x;lit;sil;éclat chauffé;;;;coupe SW-NE;;;;204;;Z10;22.08;;;;;;;;;;lm 2014;;;;
Spira;33;CHE;2012;8460;BR;9;x;lit;sil;nucléus;;;;coupe SW-NE;;;;204;;Z10;22.08;;;;;;;;;;lm 2014;;;;
Spira;33;CHE;2012;8461;BR;10;x;lit;sil;éclat  ;;;;coupe SW-NE;;;;204;;Z10;22.08;;;;;;;;;;lm 2014;;;;
Spira;33;CHE;2012;8462;BR;11;x;lit;sil;éclat cortical ;;;4;remplissage 1 base;;;;208 - 209;;Z10;27.08;;;;;;;;;;lm 2014;;;;
Spira;33;CHE;2012;8463;BR;17;x;lit;sil;éclat (pointe ?);;;R3;;;;;208 - 209;;Z10;28.08;;;;;;;;;;lm 2014;;;;
Spira;33;CHE;2012;8464;BR;1;x;lit;sil;lame;;;;;;;;226;;Z8;20.09;;;;;;;;;;lm 2014;;;;
Spira;33;CHE;2012;8465;BR;4;x;lit;sil;éclat;;;;;;;;231;;W/X 8;27.09;;;;;;;;;;lm 2014;;;;
Spira;33;CHE;2012;8466;BR;4;x;lit;sil;lame;;;;;;;;231;;W/X 8;27.09;;;;;;;;;;lm 2014;;;;
Spira;33;CHE;2012;8467;BR;4;x;lit;sil;éclat;;;;;;;;231;;W/X 8;27.09;;;;;;;;;;lm 2014;;;;
Spira;33;CHE;2012;8468;BR;60;x;lit;sil;éclat;;;;;;;;233;;Y8;11.09;;;;;;;;;;lm 2014;;;;
Spira;33;CHE;2012;8469;BR;1;x;lit;sil;grattoir;;;;;;;;234;;Y8;24.09;;;;;;;;;;lm 2014;;;;
Spira;33;CHE;2012;8470;BR;6;x;lit;sil;éclat;;;;;;;;234;;Y8;27.09;;;;;;;;;;lm 2014;;;;
Spira;33;CHE;2012;8471;BR;11;x;lit;sil;esquille;;;R3;;;;;243;;V7;29.10;;;;;;;;;;lm 2014;;;;
Spira;33;CHE;2012;8472;BR;8;x;lit;sil;éclat cortical;;;R1;;;;;244;1;Y8;24.09;;;;;;;;;;lm 2014;;;;
Spira;33;CHE;2012;8473;BR;9;x;lit;sil;éclat;;;R1;;;;;244;;Y8;25.09;;;;;;;;;;lm 2014;;;;
Spira;33;CHE;2012;8474;BR;3;x;lit;sil;esquille;;;;;;;;247;1, 1/2 ouest;Y7-8;24.09;;;;;;;;;;lm 2014;;;;
Spira;33;CHE;2012;8475;BR;3;x;lit;sil;esquille;;;;;;;;247;1, 1/2 ouest;Y7-8;24.09;;;;;;;;;;lm 2014;;;;
Spira;33;CHE;2012;8476;BR;4;x;lit;sil;éclat cortical;;;;;;;;247;2, 1/2 ouest;Y7-8;24.09;;;;;;;;;;lm 2014;;;;
Spira;33;CHE;2012;8477;BR;6;x;lit;sil;esquille;;;;;;;;247;2, 1/2 ouest;Y7-8;24.09;;;;;;;;;;lm 2014;;;;
Spira;33;CHE;2012;8478;BR;4;x;lit;sil;lamelle;;;;;;;;256;;B10;17.09;;;;;;;;;;lm 2014;;;;
Spira;33;CHE;2012;8479;BR;7;x;lit;sil;éclat (grattoir?);;;;;;;;256;;B10;19.09;;;;;;;;;;lm 2014;;;;
Spira;33;CHE;2012;8480;BR;5;x;lit;sil;éclat cortical;;;;;;;;257;;C10;17.09;;;;;;;;;;lm 2014;;;;
Spira;33;CHE;2012;8481;BR;5;x;lit;sil;fragment lamelle;;;;;;;;257;;C10;17.09;;;;;;;;;;lm 2014;;;;
Spira;33;CHE;2012;8482;BR;13;x;lit;sil;pointe retouchée sur lame;;;;;;;;257;1;C10;19.09;;;;;;;;;;lm 2014;;;;
Spira;33;CHE;2012;8483;BR;1;x;lit;sil;éclat cortical;;;;;;;;259;;WX7;18.09;;;;;;;;;;lm 2014;;;;
Spira;33;CHE;2012;8484;BR;4;x;lit;sil;éclat;;;;remplissage;;;;261;;X8;27.09;;;;;;;;;;lm 2014;;;;
Spira;33;CHE;2012;8485;BR;3;x;lit;sil;lamelle montbani;;;;;;;;262;;Y8;26.09;;;;;;;;;;lm 2014;;;;
Spira;33;CHE;2012;8486;BR;3;x;lit;sil;trapèze;;;;;;;;262;;Y8;26.09;;;;;;;;;;lm 2014;;;;
Spira;33;CHE;2012;8487;BR;3;x;lit;sil;;;;;;;;;262;;Y8;26.09;;;;;;;;;;lm 2014;;;;
Spira;33;CHE;2012;8488;BR;11;x;lit;sil; éclat;;;R1;;;;;262;1;Y8;03.10;;;;;;;;;;lm 2014;;;;
Spira;33;CHE;2012;8489;BR;25;x;lit;sil;éclat;;;R3;base;;;;262;3 vidange;Y8;15.10;;;;;;;;;;lm 2014;;;;
Spira;33;CHE;2012;8490;BR;8;x;lit;sil;éclat cortical;;;4;;;;;264;préparation cp;YZ8;23.10;;;;;;;;;;lm 2014;;;;
Spira;33;CHE;2012;8491;BR;6;x;lit;sil;fragment lamelle corticale;;;3;coupe;;;;266;;Z8;30.10;;;;;;;;;;lm 2014;;;;
Spira;33;CHE;2012;8492;BR;7;x;lit;sil;éclat cortical ;;;3 ;coupe;;;;266;;Z8;30.10;;;;;;;;;;lm 2014;;;;
Spira;33;CHE;2012;8493;BR;1;x;lit;sil;éclat;;;3;;;;;269;;Y9;06.11;;;;;;;;;;lm 2014;;;;
Spira;33;CHE;2012;8494;BR;3;x;lit;sil;éclat ;;;3;;;;;269;;Y9;06.11;;;;;;;;;;lm 2014;;;;
Spira;33;CHE;2012;8495;BR;3;x;lit;sil;éclat;;;2.4 / 3;;;;;272;;Y6;08.11;;;;;;;;;;lm 2014;;;;
Spira;33;CHE;2012;8496;BR;21;x;lit;sil;lame avec encoche;;;3;;;;;272;1;Y6;15.11;;;;;;;;;;lm 2014;;;;
Spira;33;CHE;2012;8497;BR;21;x;lit;sil;éclat cortical;;;3;;;;;272;1;Y6;15.11;;;;;;;;;;lm 2014;;;;
Spira;33;CHE;2012;8498;BR;21;x;lit;sil;lamelle avec encoche;;;3;;;;;272;1;Y6;15.11;;;;;;;;;;lm 2014;;;;
Spira;33;CHE;2012;8499;BR;21;x;lit;sil;éclat;;;3;;;;;272;1;Y6;15.11;;;;;;;;;;lm 2014;;;;
Spira;33;CHE;2012;8500;BR;21;x;lit;sil;pointe ;;;3;;;;;272;1;Y6;15.11;;;;;;;;;;lm 2014;;;;
Spira;33;CHE;2012;8501;BR;21;x;lit;sil;esquille;;;3;;;;;272;1;Y6;15.11;;;;;;;;;;lm 2014;;;;
Spira;33;CHE;2012;8502;BR;21;x;lit;sil;éclat cortical;;;3;;;;;272;1;Y6;15.11;;;;;;;;;;lm 2014;;;;
Spira;33;CHE;2012;8503;BR;22;x;lit;sil;éclat;;;4.1;sommet;;;;272;1;Y6;15.11;;;;;;;;;;lm 2014;;;;
Spira;33;CHE;2012;8504;BR;12;x;lit;sil;éclat;;;3;;;;;276><273;;Y6;16.11;;;;;;;;;;lm 2014;;;;
Spira;33;CHE;2012;8505;BR;7;x;lit;sil;éclat lamélaire;;;3;;;;;273;;Y6;09.11;;;;;;;;;;lm 2014;;;;
Spira;33;CHE;2012;8506;BR;7;x;lit;sil;fragment lamelle;;;3;;;;;273;;Y6;09.11;;;;;;;;;;lm 2014;;;;
Spira;33;CHE;2012;8507;BR;7;x;lit;sil;esquille;;;3;;;;;273;;Y6;09.11;;;;;;;;;;lm 2014;;;;
Spira;33;CHE;2012;8508;BR;12;x;lit;sil; nucléus;;;4;sommet;;;;273;;Y6;09.11;;;;;;;;;;lm 2014;;;;
Spira;33;CHE;2012;8509;BR;12;x;lit;sil;lamelle à encoches;;;4;sommet;;;;273;;Y6;09.11;;;;;;;;;;lm 2014;;;;
Spira;33;CHE;2012;8510;BR;6;x;lit;sil;éclat;;;R3;;;;;274;3 (1/2 N);Y6;22.11;;;;;;;;;;lm 2014;;;;
Spira;33;CHE;2012;8511;BR;10;x;lit;sil;1 pointe de flèche néol.;;;3;sommet;469,90;;;276><272;;Y6;15.11;;;;;;;;;;lm 2014;;;;
Spira;33;CHE;2012;8512;BR;15;x;lit;sil;lamelle retouchée ?;;;4.1;coupe S;;;;274;;Y6;22.11;;;;;;;;;;lm 2014;;;;
Spira;33;CHE;2012;8513;BR;15;x;lit;sil;éclat;;;4.1;coupe S;;;;274;;Y6;22.11;;;;;;;;;;lm 2014;;;;
Spira;33;CHE;2012;8514;BR;15;x;lit;sil;fragment lame;;;4.1;coupe S;;;;274;;Y6;22.11;;;;;;;;;;lm 2014;;;;
Spira;33;CHE;2012;8515;BR;24;x;lit;sil;nucléus;;;3;encaissant;;;;274;vidange (1/2 S) ;Y6;26.11;;;;;;;;;;lm 2014;;;;
Spira;33;CHE;2012;8516;BR;3;x;lit;sil;éclat;;;3;base;;;;275;1, 1/2 nord;Y6;13.11;;;;;;;;;;lm 2014;;;;
Spira;33;CHE;2012;8517;BR;5;x;lit;sil;éclat cortical;;;4.1;coupe N 2;;;;275;;Y6;13.11;;;;;;;;;;lm 2014;;;;
Spira;33;CHE;2012;8518;BR;3;x;lit;sil;éclat;;;4;;;;;276;;Y6;16.11;;;;;;;;;;lm 2014;;;;
Spira;33;CHE;2012;8519;BR;3;x;lit;sil;éclat;;;4;;;;;276;;Y6;16.11;;;;;;;;;;lm 2014;;;;
Spira;33;CHE;2012;8520;BR;15;x;lit;sil;éclat avec encoche ?;;;4.1;proximité W ;;;;276;;Y6;16.11;;;;;;;;;;lm 2014;;;;
Spira;33;CHE;2012;8521;BR;15;x;lit;sil;éclat;;;4.1;proximité W ;;;;276;;Y6;16.11;;;;;;;;;;lm 2014;;;;
Spira;33;CHE;2012;8522;BR;15;x;lit;sil;esquille;;;4.1;proximité W ;;;;276;;Y6;16.11;;;;;;;;;;lm 2014;;;;
Spira;33;CHE;2012;8523;BR;3;x;lit;sil;éclat;;;R1;;;;;282;;Z9;21.11;;;;;;;;;;lm 2014;;;;
Spira;33;CHE;2012;8524;BR;6;x;lit;sil;esquille ;;;;;;;;284;1;A11;16.01;;;;;;;;;;lm 2014;;;;
Spira;33;CHE;2012;8525;BR;4;x;lit;sil;éclat;;;3;base, proximité Sud str 286 / 287;;;;286;;X9;26.11;;;;;;;;;;lm 2014;;;;
Spira;33;CHE;2012;8526;BR;84;x;lit;sil;éclat cortical;;;;M3;;;;289;1;C11;07.12;;;;;;;;;;lm 2014;;;;
Spira;33;CHE;2012;8527;BR;2;x;lit;sil;éclat cortical;;;R2;;;;;291;;A11;4.12;;;;;;;;;;lm 2014;;;;
Spira;33;CHE;2012;10354;BR;372;x;lit;sil;fragement;;;3;milieu;;;;;;C5;14.05;;;;;;;;;;lm 2014;;;;
Spira;33;CHE;2012;10355;BR;373;x;lit;sil;fragment;;;3;base;;;;;;C5;14.05;;;;;;;;;;lm 2014;;;;
Spira;33;CHE;2012;10356;BR;374;x;lit;sil;fragment;;;3;base;;;;;;C5;14.05;;;;;;;;;;lm 2014;;;;
Spira;33;CHE;2012;10357;BR;430;x;lit;sil;nucléus;;;3;base;;;;;;C3;11.05;;;;;;;;;;lm 2014;;;;
Spira;33;CHE;2012;10358;BR;430;x;lit;sil;éclat;;;3;base;;;;;;C3;11.05;;;;;;;;;;lm 2014;;;;
Spira;33;CHE;2012;10359;BR;430;x;lit;sil;éclat;;;3;base;;;;;;C3;11.05;;;;;;;;;;lm 2014;;;;
Spira;33;CHE;2012;10360;BR;430;x;lit;sil;éclat;;;3;base;;;;;;C3;11.05;;;;;;;;;;lm 2014;;;;
Spira;33;CHE;2012;10361;BR;430;x;lit;sil;lame;;;3;base;;;;;;C3;11.05;;;;;;;;;;lm 2014;;;;
Spira;33;CHE;2012;10362;BR;430;x;lit;sil;éclat;;;3;base;;;;;;C3;11.05;;;;;;;;;;lm 2014;;;;
Spira;33;CHE;2012;10363;BR;430;x;lit;sil;éclat;;;3;base;;;;;;C3;11.05;;;;;;;;;;lm 2014;;;;
Spira;33;CHE;2012;10364;BR;430;x;lit;sil;éclat;;;3;base;;;;;;C3;11.05;;;;;;;;;;lm 2014;;;;
Spira;33;CHE;2012;10365;BR;430;x;lit;sil;éclat;;;3;base;;;;;;C3;11.05;;;;;;;;;;lm 2014;;;;
Spira;33;CHE;2012;10366;BR;430;x;lit;sil;éclat;;;3;base;;;;;;C3;11.05;;;;;;;;;;lm 2014;;;;
Spira;33;CHE;2012;10367;BR;430;x;lit;sil;lame;;;3;base;;;;;;C3;11.05;;;;;;;;;;lm 2014;;;;
Spira;33;CHE;2012;10368;BR;430;x;lit;sil;éclat;;;3;base;;;;;;C3;11.05;;;;;;;;;;lm 2014;;;;
Spira;33;CHE;2012;10369;BR;430;x;lit;sil;éclat;;;3;base;;;;;;C3;11.05;;;;;;;;;;lm 2014;;;;
Spira;33;CHE;2012;10370;BR;430;x;lit;sil;éclat;;;3;base;;;;;;C3;11.05;;;;;;;;;;lm 2014;;;;
Spira;33;CHE;2012;10371;BR;430;x;lit;sil;éclat;;;3;base;;;;;;C3;11.05;;;;;;;;;;lm 2014;;;;
Spira;33;CHE;2012;10372;BR;430;x;lit;sil;vrac esquilles;;;3;base;;;;;;C3;11.05;;;;;;;;;;lm 2014;;;;
Spira;33;CHE;2012;10379;BR;429;x;lit;sil;éclat;;;3;base;;;;;;A10;15.05;;;;;;;;;;lm 2014;;;;
Spira;33;CHE;2012;10380;BR;429;x;lit;sil;éclat;;;3;base;;;;;;A10;15.05;;;;;;;;;;lm 2014;;;;
Spira;33;CHE;2012;10381;BR;429;x;lit;sil;éclat cortical;;;3;base;;;;;;A10;15.05;;;;;;;;;;lm 2014;;;;
Spira;33;CHE;2012;10382;BR;?;x;lit;sil;éclat;;;3;base;;;;;;A10;15.05;;;;;;;;;;lm 2014;;;;
Spira;33;CHE;2012;10383;BR;?;x;lit;sil;esquille;;;3;base;;;;;;A10;15.05;;;;;;;;;;lm 2014;;;;
Spira;33;CHE;2012;10384;BR;16;x;lit;sil;éclat cortical;;;;1/4 NE;;;;5;0;;11.05;;;;;;;;;;lm 2014;;;;
Spira;33;CHE;2012;10385;BR;359;x;lit;sil;éclat;;;3;base;;;;;;C4;14.05;;;;;;;;;;lm 2014;;;;
Spira;33;CHE;2012;10386;BR;359;x;lit;sil;éclat;;;3;base;;;;;;C4;14.05;;;;;;;;;;lm 2014;;;;
Spira;33;CHE;2012;10387;BR;359;x;lit;sil;éclat cortical;;;3;base;;;;;;C4;14.05;;;;;;;;;;lm 2014;;;;
Spira;33;CHE;2012;10388;BR;360;x;lit;sil;petit éclat;;;3;base;;;;;;C4;14.05;;;;;;;;;;lm 2014;;;;
Spira;33;CHE;2012;10389;BR;1194;x;lit;sil;lame  ;;;3;base;;;;;;C10;30.05;;;;;;;;;;lm 2014;;;;
Spira;33;CHE;2012;10390;BR;?;x;lit;sil;éclat;;;4.2;;;;;;;Y9;07.11;;;;;;;;;;lm 2014;;;;
Spira;33;CHE;2012;10391;BR;?;x;lit;sil;éclat;;;4.2;;;;;;;Y9;07.11;;;;;;;;;;lm 2014;;;;
Spira;33;CHE;2012;10392;BR;?;x;lit;sil;éclat;;;4.2;;;;;;;Y9;07.11;;;;;;;;;;lm 2014;;;;
Spira;33;CHE;2012;10393;BR;?;x;lit;sil;éclat;;;4.2;;;;;;;Y9;07.11;;;;;;;;;;lm 2014;;;;
Spira;33;CHE;2012;10394;BR;?;x;lit;sil;éclat;;;4.2;;;;;;;Y9;07.11;;;;;;;;;;lm 2014;;;;
Spira;33;CHE;2012;10395;BR;?;x;lit;sil;lame;;;4.2;;;;;;;Y9;07.11;;;;;;;;;;lm 2014;;;;
Spira;33;CHE;2012;10396;BR;?;x;lit;sil;éclat;;;4.2;;;;;;;Y9;07.11;;;;;;;;;;lm 2014;;;;
Spira;33;CHE;2012;10397;BR;?;x;lit;sil;éclat;;;4.2;;;;;;;Y9;07.11;;;;;;;;;;lm 2014;;;;
Spira;33;CHE;2012;10398;BR;?;x;lit;sil;éclat;;;4.2;;;;;;;Y9;07.11;;;;;;;;;;lm 2014;;;;
Spira;33;CHE;2012;10399;BR;?;x;lit;sil;petit éclat;;;4.1;;;;;;;Y9;07.11;;;;;;;;;;lm 2014;;;;
Spira;33;CHE;2012;10451;BR;2136;x;lit;sil;éclat;;;3;milieu;;;;;;G2;11.06;;;;;;;;;;lm 2014;;;;
Spira;33;CHE;2012;10453;BR;2387;x;lit;sil;éclat;;;3;base;;;;;;F7;20.06;;;;;;;;;;lm 2014;;;;
Spira;33;CHE;2012;10460;BR;3603;x;lit;sil;éclat;;;3;;;;;;1;Z9;05.11;;;;;;;;;;lm 2014;;;;
Spira;33;CHE;2012;10461;BR;3603;x;lit;sil;lame;;;3;;;;;;1;Z9;05.11;;;;;;;;;;lm 2014;;;;
Spira;33;CHE;2012;10462;BR;3603;x;lit;sil;fgt;;;3;;;;;;1;Z9;05.11;;;;;;;;;;lm 2014;;;;
Spira;33;CHE;2012;10463;BR;3603;x;lit;sil;lame;;;3;;;;;;1;Z9;05.11;;;;;;;;;;lm 2014;;;;
Spira;33;CHE;2012;10464;BR;3646;x;lit;sil;éclat;;X;;au nord des bassins;;;;;;;05.11;;;;;;;;;;lm 2014;;;;
Spira;33;CHE;2012;10465;BR;3646;x;lit;sil;pointe ;;X;;au nord des bassins;;;;;;;05.11;;;;;;;;;;lm 2014;;;;
Spira;33;CHE;2012;10466;BR;3741;x;lit;sil;éclat;;;2.3 / 2.4;tranchée viabilisation NW ;;;;;;;23.11;;;;;;;;;;lm 2014;;;;
Spira;33;CHE;2012;10624;BR;11;x;lit;sil; éclat;;;R1;;;;;262;1;Y8;03.10;;;;;;;;;;lm 2014;;;;
Spira;33;CHE;2012;10625;BR;11;x;lit;sil; éclat;;;R1;;;;;262;1;Y8;03.10;;;;;;;;;;lm 2014;;;;
Spira;33;CHE;2012;10626;BR;15;x;lit;sil;esquille;;;4.1;proximité W ;;;;276;;Y6;16.11;;;;;;;;;;lm 2014;;;;
Spira;33;CHE;2012;10627;BR;?;x;lit;sil;esquille;;;3;base;;;;;;A10;15.05;;;;;;;;;;lm 2014;;;;
Spira;33;CHE;2012;10628;BR;473;x;lit;sil;éclat;;;3;base;;;;;;B8;16.05;;;;;;;;;;lm 2014;;;;
Spira;33;CHE;2012;10629;BR;360;x;lit;sil;petit éclat;;;3;base;;;;;;C4;14.05;;;;;;;;;;lm 2014;;;;
Spira;33;CHE;2012;10630;BR;360;x;lit;sil;petit éclat;;;3;base;;;;;;C4;14.05;;;;;;;;;;lm 2014;;;;
Spira;33;CHE;2012;10631;BR;372;x;lit;sil;fragement;;;3;milieu;;;;;;C5;14.05;;;;;;;;;;lm 2014;;;;
Spira;33;CHE;2012;10632;BR;372;x;lit;sil;éclat;;;3;milieu;;;;;;C5;14.05;;;;;;;;;;lm 2014;;;;
Spira;33;CHE;2012;10633;BR;373;x;lit;sil;fragment;;;3;base;;;;;;C5;14.05;;;;;;;;;;lm 2014;;;;
Spira;33;CHE;2012;10634;BR;374;x;lit;sil;fragment;;;3;base;;;;;;C5;14.05;;;;;;;;;;lm 2014;;;;
Spira;33;CHE;2012;10635;BR;374;x;lit;sil;esquille;;;3;base;;;;;;C5;14.05;;;;;;;;;;lm 2014;;;;
Spira;33;CHE;2012;10636;BR;374;x;lit;sil;esquille;;;3;base;;;;;;C5;14.05;;;;;;;;;;lm 2014;;;;
Spira;33;CHE;2012;10637;BR;374;x;lit;sil;fragment;;;3;base;;;;;;C5;14.05;;;;;;;;;;lm 2014;;;;
Spira;33;CHE;2012;10638;BR;374;x;lit;sil;fragment;;;3;base;;;;;;C5;14.05;;;;;;;;;;lm 2014;;;;
Spira;33;CHE;2012;10639;BR;374;x;lit;sil;fragment;;;3;base;;;;;;C5;14.05;;;;;;;;;;lm 2014;;;;
Spira;33;CHE;2012;10640;BR;374;x;lit;sil;fragment;;;3;base;;;;;;C5;14.05;;;;;;;;;;lm 2014;;;;
Spira;33;CHE;2012;10641;BR;374;x;lit;sil;fragment;;;3;base;;;;;;C5;14.05;;;;;;;;;;lm 2014;;;;
Spira;33;CHE;2012;10642;BR;374;x;lit;sil;fragment;;;3;base;;;;;;C5;14.05;;;;;;;;;;lm 2014;;;;
Spira;33;CHE;2012;10643;BR;374;x;lit;sil;fragment;;;3;base;;;;;;C5;14.05;;;;;;;;;;lm 2014;;;;
Spira;33;CHE;2012;10644;BR;374;x;lit;sil;fragment;;;3;base;;;;;;C5;14.05;;;;;;;;;;lm 2014;;;;
Spira;33;CHE;2012;10645;BR;?;x;lit;sil;petit éclat;;;4.1;;;;;;;Y9;07.11;;;;;;;;;;lm 2014;;;;
Spira;33;CHE;2012;10646;BR;?;x;lit;sil;petit éclat;;;4.1;;;;;;;Y9;07.11;;;;;;;;;;lm 2014;;;;
Spira;33;CHE;2012;10647;BR;?;x;lit;sil;petit éclat;;;4.1;;;;;;;Y9;07.11;;;;;;;;;;lm 2014;;;;
Spira;33;CHE;2012;10648;BR;?;x;lit;sil;petit éclat;;;4.1;;;;;;;Y9;07.11;;;;;;;;;;lm 2014;;;;
Spira;6;CHE;2013;1815;BR;3790;x;lit;silex;éclat;;;3;base;;;;;;A11;14.03;;;;;;;;;;lm 2014-15;;;;
Spira;6;CHE;2013;1816;BR;3790;x;lit;silex;éclat;;;3;base;;;;;;A11;14.03;;;;;;;;;;lm 2014-15;;;;
Spira;6;CHE;2013;1817;BR;3790;x;lit;silex;éclat;;;3;base;;;;;;A11;14.03;;;;;;;;;;lm 2014-15;;;;
Spira;6;CHE;2013;1818;BR;3791;x;lit;silex;lamelle;;;4;sommet;;;;;;A11;14.03;;;;;;;;;;lm 2014-15;;;;
Spira;6;CHE;2013;1819;BR;3791;x;lit;silex;éclat;;;4;sommet;;;;;;A11;14.03;;;;;;;;;;lm 2014-15;;;;
Spira;6;CHE;2013;1820;BR;3791;x;lit;silex;éclat;;;4;sommet;;;;;;A11;14.03;;;;;;;;;;lm 2014-15;;;;
Spira;6;CHE;2013;1821;BR;3791;x;lit;silex;éclat;;;4;sommet;;;;;;A11;14.03;;;;;;;;;;lm 2014-15;;;;
Spira;6;CHE;2013;1822;BR;3834;x;lit;silex;fragmen lame;;;3;base;;;;;;A11;13.05;;;;;;;;;;lm 2014-15;;;;
Spira;6;CHE;2013;1823;BR;3935;x;lit;silex;éclat cortical;;;4;;;;;;;A11;17.05;;;;;;;;;;lm 2014-15;;;;
Spira;6;CHE;2013;1824;BR;3968;x;lit;silex;nucléus;;;4;sommet;;;;;;A11;03.06;;;;;;;;;;lm 2014-15;;;;
Spira;6;CHE;2013;1825;BR;3968;x;lit;silex;éclat;;;;;;;;;;A11;03.06;;;;;;;;;;lm 2014-15;;;;
Spira;6;CHE;2013;1826;BR;4003;x;lit;silex;lamelle retouchée ?;;;4;SL ? St 334;;;;;;A11;22.05;;;;;;;;;;lm 2014-15;;;;
Spira;6;CHE;2013;1827;BR;4053;x;lit;silex;fragment lame;;;?;?;;;;;;A11;04.06;;;;;;;;;;lm 2014-15;;;;
Spira;6;CHE;2013;1828;BR;4054;x;lit;silex;éclat (pointe);;;4;proxmité st 357;;;;;;A11;10.06;;;;;;;;;;lm 2014-15;;;;
Spira;6;CHE;2013;1829;BR;3;x;lit;silex;frgt;;;4;sommet, proxitmité st 327;;;;;;A11;17.05;;;;;;;;;;lm 2014-15;;;;
Spira;6;CHE;2013;1830;BR;4;x;lit;silex;éclat lamellaire  ;;;;;;;;328;;A11;17.05;;;;;;;;;;lm 2014-15;;;;
Spira;6;CHE;2013;1831;BR;4;x;lit;silex;fragment lamelle;;;;;;;;328;;A11;17.05;;;;;;;;;;lm 2014-15;;;;
Spira;6;CHE;2013;1832;BR;4;x;lit;silex;éclat cortical ?;;;;;;;;328;;A11;17.05;;;;;;;;;;lm 2014-15;;;;
Spira;6;CHE;2013;1833;BR;7;x;lit;silex;éclat cortical;;;;;;;;344;vidange N-E;A11;29.05;;;;;;;;;;lm 2014-15;;;;
Spira;6;CHE;2013;1834;BR;3775;x;lit;silex;nucléus;;;4;;;;;;;B11;17.01;;;;;;;;;;lm 2014-15;;;;
Spira;6;CHE;2013;1835;BR;3793;x;lit;silex;lame;;;4;sommet;;;;;;B11;14.03;;;;;;;;;;lm 2014-15;;;;
Spira;6;CHE;2013;1836;BR;3793;x;lit;silex;lamelle;;;4;sommet;;;;;;B11;14.03;;;;;;;;;;lm 2014-15;;;;
Spira;6;CHE;2013;1837;BR;3793;x;lit;silex;fragment lamelle;;;4;sommet;;;;;;B11;14.03;;;;;;;;;;lm 2014-15;;;;
Spira;6;CHE;2013;1838;BR;3793;x;lit;silex;éclat cortical;;;4;sommet;;;;;;B11;14.03;;;;;;;;;;lm 2014-15;;;;
Spira;6;CHE;2013;1839;BR;3849;x;lit;silex;éclat;;;4;;;;;;;B11;13.05;;;;;;;;;;lm 2014-15;;;;
Spira;6;CHE;2013;1840;BR;3849;x;lit;silex;éclat cortical;;;4;;;;;;;B11;13.05;;;;;;;;;;lm 2014-15;;;;
Spira;6;CHE;2013;1841;BR;3964;x;lit;silex;triangle scalène;;;4;proximité st 354;;;;;;B11;29.05;;;;;;;;;;lm 2014-15;;;;
Spira;6;CHE;2013;1842;BR;3982;x;lit;silex;nucléus;;;4;;;;;;;B11;04.06;;;;;;;;;;lm 2014-15;;;;
Spira;6;CHE;2013;1843;BR;3982;x;lit;silex;éclat cortical;;;4;;;;;;;B11;04.06;;;;;;;;;;lm 2014-15;;;;
Spira;6;CHE;2013;1844;BR;3982;x;lit;silex;lame corticale;;;4;;;;;;;B11;04.06;;;;;;;;;;lm 2014-15;;;;
Spira;6;CHE;2013;1845;BR;3982;x;lit;silex;éclat/fragment lame corticale;;;4;;;;;;;B11;04.06;;;;;;;;;;lm 2014-15;;;;
Spira;6;CHE;2013;1846;BR;3982;x;lit;silex;éclat retouché;;;4;;;;;;;B11;04.06;;;;;;;;;;lm 2014-15;;;;
Spira;6;CHE;2013;1847;BR;4055;x;lit;silex;lame  ;;;4;;;;;;;B11;24.06;;;;;;;;;;lm 2014-15;;;;
Spira;6;CHE;2013;1848;BR;5;x;lit;silex;lamelle corticale;;;4;sommet, entre st 305 / 306;;;;305;;B11;11.04;;;;;;;;;;lm 2014-15;;;;
Spira;6;CHE;2013;1849;BR;3;x;lit;silex;éclat ;;;;;;;;345;;B11;29.05;;;;;;;;;;lm 2014-15;;;;
Spira;6;CHE;2013;1850;BR;3799;x;lit;silex;fragment lame corticale;;;4;sommet;;;;;;C11;13.03;;;;;;;;;;lm 2014-15;;;;
Spira;6;CHE;2013;1851;BR;3799;x;lit;silex;nucléus;;;4;sommet;;;;;;C11;13.03;;;;;;;;;;lm 2014-15;;;;
Spira;6;CHE;2013;1852;BR;4020;x;lit;silex;fragment lame retouchée;;;4;;;;;;;C11;18.06;;;;;;;;;;;;;;
Spira;6;CHE;2013;1853;BR;4056;x;lit;silex;éclat cortical retouché ?;;;4;sous st 360;;;;;;C11;20.06;;;;;;;;;;lm 2014-15;;;;
Spira;6;CHE;2013;1854;BR;3936;x;lit;silex;éclat ;;;3;;;;;;;D11;23.05;;;;;;;;;;lm 2014-15;;;;
Spira;6;CHE;2013;1855;BR;4060;x;lit;silex;esquille ;;;4;sommet, proximité st 372;;;;;;D11;17.06;;;;;;;;;;lm 2014-15;;;;
Spira;6;CHE;2013;1856;BR;4214;x;lit;silex;éclat cortical (feu?);;;2;sur st 382;;;;;;E26;14.08;;;;;;;;;;lm 2014-15;;;;
Spira;6;CHE;2013;1857;BR;4220?;x;lit;silex;éclat cortical (feu?);;;4;sommet;;;;;;E26;20.08;;;;;;;;;;lm 2014-15;;;;
Spira;6;CHE;2013;1858;BR;3882;x;lit;silex;grattoir;;;3;;;;;;;F11;09.04;;;;;;;;;;lm 2014-15;;;;
Spira;6;CHE;2013;1859;BR;3882;x;lit;silex;éclat cortical;;;3;;;;;;;F11;09.04;;;;;;;;;;lm 2014-15;;;;
Spira;6;CHE;2013;1860;BR;3882;x;lit;silex;lamelle;;;3;;;;;;;F11;09.04;;;;;;;;;;lm 2014-15;;;;
Spira;6;CHE;2013;1861;BR;4164;x;lit;silex;éclat;;;2.2;proximité st 382;;;;;;F20;17.07;;;;;;;;;;lm 2014-15;;;;
Spira;6;CHE;2013;1862;BR;2;x;lit;silex;éclat cortical;;;;R II;;;;411;vidange;F25-26;28.08;;;;;;;;;;lm 2014-15;;;;
Spira;6;CHE;2013;1863;BR;4248;x;lit;silex;éclat ou nucléus;;X;;;;;;;;F26;02.09;;;;;;;;;;lm 2014-15;;;;
Spira;6;CHE;2013;1864;BR;4230;x;lit;silex;éclat;;;3 ;base proximité sud st 315;;;;;;G11;29.04;;;;;;;;;;lm 2014-15;;;;
Spira;6;CHE;2013;1865;BR;52;x;lit;silex;éclat cortical ;;;;milieu 1/2 nord;;;;315,2;;G11;08.08;;;;;;;;;;lm 2014-15;;;;
Spira;6;CHE;2013;1866;BR;4100;x;lit;silex;éclat retouché ?;;;2.4;proximité st 321;;;;;;H11;11.07;;;;;;;;;;lm 2014-15;;;;
Spira;6;CHE;2013;1867;BR;12;x;lit;silex;éclat (feu?);;;;R III;;;;320;2;H11;18.07;;;;;;;;;;lm 2014-15;;;;
Spira;6;CHE;2013;1868;BR;1;x;lit;silex;grattoir ?;;;;R II;;;;387;;H21;30.07;;;;;;;;;;lm 2014-15;;;;
Spira;6;CHE;2013;1869;BR;1;x;lit;silex;pointe;;;;R II;;;;387;;H21;30.07;;;;;;;;;;lm 2014-15;;;;
Spira;6;CHE;2013;1870;BR;3899;x;lit;silex;éclat;;;3;;;;;;;J11;08.04;;;;;;;;;;lm 2014-15;;;;
Spira;6;CHE;2013;1871;BR;4195;x;lit;silex;éclat cortical;;X;;;;;;;;J20;29.07;;;;;;;;;;lm 2014-15;;;;
Spira;6;CHE;2013;1872;BR;6;x;lit;silex;éclat cortical;;;;R II;;;;396;;J24;09.08;;;;;;;;;;lm 2014-15;;;;
Spira;6;CHE;2013;1873;BR;1;x;lit;silex;éclat;;;;;;;;410;0;J25;20.08;;;;;;;;;;lm 2014-15;;;;
Spira;6;CHE;2013;1874;BR;3919;x;lit;silex;éclat cortical;;;2-3;;;;;;;L11;22.04;;;;;;;;;;lm 2014-15;;;;
Spira;6;CHE;2013;1875;BR;4;x;lit;silex;éclat cortical;;;;R I;;;;310;0;N / O 9;16.04;;;;;;;;;;lm 2014-15;;;;
Spira;6;CHE;2013;1876;BR;11;x;lit;silex;nucléus;;;;;;;;310;1 est;N / O 9;23.04;;;;;;;;;;lm 2014-15;;;;
Spira;6;CHE;2013;1877;BR;4002;x;lit;silex;1 lamelle;;X;;proximité sd 12;;;;;;;20.06;;;;;;;;;;lm 2014-15;;;;
Spira;6;CHE;2013;1878;BR;4010;x;lit;silex;fragment lame / lamelle;;;2.2;sd 12 côté est, cpe nord-sud ;;;;;;;11.06;;;;;;;;;;lm 2014-15;;;;
Spira;6;CHE;2013;1879;BR;2;x;lit;silex;éclat;;;;sd 21;;;;363;vidange W fond;;14.06;;;;;;;;;;lm 2014-15;;;;
Spira;6;CHE;2013;1880;BR;3952;x;lit;silex;éclat;;;2.4;sd 22;;;;;;;23.05;;;;;;;;;;lm 2014-15;;;;
Spira;6;CHE;2013;1881;BR;3977;x;lit;silex;nucléus?;;;3;base sd 22;;;;;;;04.06;;;;;;;;;;lm 2014-15;;;;
Spira;6;CHE;2013;1883;BR;1;x;lit;silex;petit grattoir ?;;;;sd 23;;;;379;0;;23.06;;;;;;;;;;lm 2014-15;;;;
Spira;6;CHE;2013;1884;BR;4038;x;lit;silex;fragment de lame retouchée;;;2.4 - 3;sd 23;;;;;;;23.06;;;;;;;;;;lm 2014-15;;;;
Spira;6;CHE;2013;1885;BR;4039;x;lit;silex;nucléus;;;4;sd 23;;;;;;;20.06;;;;;;;;;;lm 2014-15;;;;
Spira;6;CHE;2013;1886;BR;4039;x;lit;silex;éclat cortical;;;4;sd 23;;;;;;;20.06;;;;;;;;;;lm 2014-15;;;;
Spira;6;CHE;2013;1887;BR;4051;x;lit;silex;nucléus;;;4;sd 24;;;;;;;21.06;;;;;;;;;;lm 2014-15;;;;
Spira;6;CHE;2013;1888;BR;4071;x;lit;silex;fragment lamelle;;;2;sd 24;;;;;;;27.06;;;;;;;;;;lm 2014-15;;;;
Spira;6;CHE;2013;1889;BR;3833;x;lit;silex;fragment lame;;X;;terrasse nord-ouest;;;;;;;02.05;;;;;;;;;;lm 2014-15;;;;
Spira;6;CHE;2013;1890;BR;115;x;lit;silex;petit rognon;;;;m14;;;;257;0;B11;21.02;;;;;;;;;;lm 2014-15;;;;
Spira;6;CHE;2013;1891;BR;137;x;lit;silex;éclat retouché;;;;m14;;;;257;0;B11;27.02;;;;;;;;;;lm 2014-15;;;;
Spira;6;CHE;2013;1892;BR;151;x;lit;silex;éclat cortical;;;;m19;;;;257;1;B11;04.03;;;;;;;;;;lm 2014-15;;;;
Spira;6;CHE;2013;1893;BR;159;x;lit;silex;racloir;;;;m11;;;;257;1;B11;04.03;;;;;;;;;;lm 2014-15;;;;
Spira;6;CHE;2013;1894;BR;165;x;lit;silex;couteau à dos;;;;m10;;;;257;1;B11;04.03;;;;;;;;;;lm 2014-15;;;;
Spira;6;CHE;2013;1895;BR;165;x;lit;silex;éclat;;;;m10;;;;257;1;B11;04.03;;;;;;;;;;lm 2014-15;;;;
Spira;6;CHE;2013;1896;BR;174;x;lit;silex;éclat;;;;m9;;;;257;1;B11;04.03;;;;;;;;;;lm 2014-15;;;;
Spira;6;CHE;2013;1897;BR;177;x;lit;silex;pièce à encoche ?;;;;m18;;;;257;1;B11;04.03;;;;;;;;;;lm 2014-15;;;;
Spira;6;CHE;2013;1898;BR;185;x;lit;silex;éclat cortical;;;;m22;;;;257;1;B11;05.03;;;;;;;;;;lm 2014-15;;;;
Spira;6;CHE;2013;1899;BR;190;x;lit;silex;éclat cortical;;;;m13 ;;;;257;1;B11;05.03;;;;;;;;;;lm 2014-15;;;;
Spira;6;CHE;2013;1900;BR;190;x;lit;silex;éclat;;;;m13 ;;;;257;1;B11;05.03;;;;;;;;;;lm 2014-15;;;;
Spira;6;CHE;2013;1901;BR;190;x;lit;silex;éclat;;;;m13 ;;;;257;1;B11;05.03;;;;;;;;;;lm 2014-15;;;;
Spira;6;CHE;2013;1902;BR;203;x;lit;silex;éclat;;;;m17 sud;;;;257;1;B11;05.03;;;;;;;;;;lm 2014-15;;;;
Spira;6;CHE;2013;1903;BR;120;x;lit;silex;éclat;;;;m11;;;;289;1;C11;29.01;;;;;;;;;;lm 2014-15;;;;
Spira;6;CHE;2013;1904;BR;123;x;lit;silex;éclat;;;;m12;;;;289;1;C11;29.01;;;;;;;;;;lm 2014-15;;;;
Spira;6;CHE;2013;1905;BR;123;x;lit;silex;esquille;;;;m12;;;;289;1;C11;29.01;;;;;;;;;;lm 2014-15;;;;
Spira;6;CHE;2013;1906;BR;142;x;lit;silex;éclat cortical;;;;m3;;;;289;1;C11;31.01;;;;;;;;;;lm 2014-15;;;;
Spira;6;CHE;2013;1907;BR;142;x;lit;silex;fragment lamelle;;;;m3;;;;289;1;C11;31.01;;;;;;;;;;lm 2014-15;;;;
Spira;6;CHE;2013;1908;BR;14;x;lit;silex;éclat cortical;;;;;;;;294;;A11;29.01;;;;;;;;;;lm 2014-15;;;;
Spira;6;CHE;2013;1909;BR;12;x;lit;silex;éclat;;;;;;;;297;vidange nord;A11;29.01;;;;;;;;;;lm 2014-15;;;;
Spira;6;CHE;2013;1910;BR;4;x;lit;silex;fragment lame;;;;;;;;298;;A10;16.01;;;;;;;;;;lm 2014-15;;;;
Spira;6;CHE;2013;1911;BR;9;x;lit;silex;éclat;;;3;;;;;298;;A11;17.01;;;;;;;;;;lm 2014-15;;;;
Spira;6;CHE;2013;1912;BR;9;x;lit;silex;éclat;;;3;;;;;298;;A11;17.01;;;;;;;;;;lm 2014-15;;;;
Spira;6;CHE;2013;1913;BR;2;x;lit;silex;lame corticale;;;2.4 ?;;;;;412;0;F26;26.08;;;;;;;;;;lm 2014-15;;;;
Spira;6;CHE;2013;1914;BR;3;x;lit;silex;éclat cortical;;;4 ;sommet, proximité st 330;;;;;;A11;16.05;;;;;;;;;;lm 2014-15;;;;
Spira;6;CHE;2013;2236;BR;1;x;lit ;silex;éclat petit;;;;;;;;412;0;F25;26.08;;;;;;;;;;lm 2014-15;;;;
;;CHE;2013;M;BR;6;;lit ;silex;1 tout petit petit éclat;;;;;;;;284;1;A11;16.01;;;;;;;;;;;;;;manque au 05.01.15 LM UB
